traffic_level,road_condition,weather_severity,road_capacity,historical_delay,distance,demand_level,vehicle_load,previous_disruptions,disruption_prob,disruption
0.437,0.336,0.572,0.719,30.0,33.0,0.723,0.351,0,0.964,1
0.956,0.322,0.805,0.338,41.3,29.6,0.264,0.363,0,0.999,1
0.759,0.916,0.76,0.898,20.5,16.6,0.394,0.756,1,0.928,1
0.639,0.325,0.154,0.69,54.3,52.4,0.819,0.641,1,0.985,1
0.24,0.345,0.149,0.326,18.6,41.6,0.623,0.853,1,0.933,0
0.24,0.783,0.268,0.97,12.8,73.9,0.942,0.941,1,0.339,1
0.152,0.505,0.361,0.615,25.0,4.7,0.543,0.572,0,0.815,1
0.88,0.799,0.408,0.258,26.5,55.4,0.896,0.717,1,0.986,1
0.641,0.159,0.68,0.701,33.8,65.3,0.559,0.65,1,0.996,1
0.737,0.539,0.057,0.403,19.0,65.0,0.983,0.987,5,0.989,1
0.119,0.13,0.035,0.843,30.4,75.5,0.968,0.882,1,0.813,1
0.973,0.156,0.392,0.854,33.2,62.5,0.463,0.938,2,0.995,1
0.849,0.916,0.697,0.983,36.4,79.0,0.909,0.478,2,0.97,1
0.291,0.225,0.193,0.601,11.0,29.6,0.878,0.841,2,0.915,1
0.264,0.579,0.642,0.564,23.5,43.8,0.369,0.486,3,0.977,1
0.265,0.47,0.26,0.803,28.8,3.2,0.699,0.446,2,0.873,1
0.374,0.413,0.886,0.306,19.0,2.6,0.258,0.961,1,0.996,1
0.572,0.91,0.896,0.638,28.7,21.9,0.869,0.314,1,0.973,1
0.489,0.12,0.297,0.637,21.4,10.4,0.34,0.976,2,0.983,1
0.362,0.697,0.23,0.272,42.7,23.6,0.257,0.404,1,0.955,1
0.651,0.967,0.411,0.534,26.6,16.7,0.52,0.874,3,0.962,1
0.226,0.604,0.241,0.883,33.3,4.4,0.662,0.493,4,0.898,1
0.363,0.943,0.672,0.885,33.3,77.5,0.884,0.545,2,0.902,1
0.43,0.147,0.826,0.279,18.7,2.7,0.979,0.452,1,0.997,1
0.51,0.477,0.673,0.273,16.7,63.1,0.552,0.71,0,0.986,1
0.807,0.334,0.824,0.41,28.0,14.6,0.248,0.544,1,0.998,1
0.28,0.758,0.397,0.9,33.2,77.7,0.799,0.76,1,0.767,1
0.563,0.983,0.156,0.303,17.9,76.1,0.652,0.311,0,0.65,0
0.633,0.331,0.738,0.776,27.0,56.3,0.558,0.345,0,0.983,1
0.142,0.689,0.36,0.281,28.2,57.8,0.447,0.37,0,0.857,1
0.647,0.278,0.671,0.699,22.7,2.4,0.602,0.593,1,0.989,1
0.253,0.609,0.271,0.485,21.8,83.7,0.471,0.87,3,0.94,1
0.159,0.518,0.081,0.831,8.2,74.9,0.806,0.922,1,0.38,0
0.954,0.975,0.993,0.387,25.6,76.3,0.635,0.471,1,0.995,1
0.969,0.648,0.156,0.711,48.0,56.7,0.901,0.702,1,0.976,1
0.828,0.415,0.988,0.389,22.3,30.6,0.635,0.838,2,0.999,1
0.374,0.203,0.977,0.771,14.1,76.2,0.391,0.502,5,0.998,1
0.188,0.236,0.794,0.899,33.7,26.2,0.881,0.586,2,0.987,1
0.716,0.303,0.659,0.301,24.3,48.7,0.646,0.667,3,0.999,1
0.496,0.326,0.578,0.893,66.6,10.3,0.365,0.394,3,0.998,1
0.21,0.866,0.866,0.675,63.7,78.5,0.699,0.318,1,0.987,1
0.546,0.605,0.289,0.302,18.3,13.7,0.486,0.407,2,0.957,1
0.131,0.571,0.468,0.542,3.9,20.7,0.876,0.739,1,0.781,1
0.918,0.203,0.619,0.329,41.3,48.3,0.563,0.352,0,0.999,1
0.333,0.874,0.411,0.76,17.3,65.4,0.781,0.433,1,0.634,0
0.696,0.751,0.427,0.807,19.0,53.4,0.276,0.536,5,0.97,1
0.381,0.161,0.33,0.285,28.0,21.3,0.517,0.355,1,0.986,1
0.568,0.737,0.564,0.605,14.7,2.1,0.987,0.434,2,0.941,1
0.592,0.589,0.851,0.852,45.4,64.8,0.847,0.938,1,0.992,1
0.266,0.174,0.202,0.949,8.9,83.8,0.328,0.314,2,0.772,1
0.973,0.512,0.934,0.611,26.4,69.2,0.422,0.757,5,1.0,1
0.798,0.536,0.689,0.96,22.8,40.2,0.464,0.569,0,0.955,1
0.946,0.249,0.823,0.629,72.0,77.0,0.72,0.771,1,1.0,1
0.905,0.951,0.556,0.515,40.4,36.0,0.806,0.712,2,0.991,1
0.638,0.865,0.78,0.879,40.2,45.6,0.8,0.456,1,0.97,1
0.93,0.702,0.016,0.594,30.8,41.6,0.608,0.893,3,0.967,1
0.18,0.516,0.818,0.578,10.6,39.2,0.849,0.644,2,0.966,1
0.276,0.471,0.04,0.592,10.9,66.3,0.55,0.876,4,0.872,1
0.141,0.686,0.89,0.877,13.3,45.7,0.299,0.584,2,0.903,1
0.393,0.591,0.992,0.866,21.9,28.3,0.652,0.989,0,0.962,1
0.45,0.156,0.294,0.523,26.2,23.4,0.962,0.839,1,0.981,1
0.344,0.561,0.21,0.467,13.1,5.1,0.834,0.976,2,0.901,0
0.846,0.826,0.765,0.594,65.7,50.4,0.663,0.66,1,0.998,1
0.421,0.513,0.253,0.658,13.3,21.1,0.717,0.632,3,0.906,1
0.353,0.147,0.866,0.391,59.4,14.3,0.944,0.829,1,1.0,1
0.588,0.808,0.103,0.835,14.9,56.3,0.543,0.916,4,0.788,0
0.227,0.281,0.126,0.589,15.5,58.5,0.465,0.975,2,0.897,1
0.822,0.333,0.979,0.467,26.6,64.4,0.982,0.527,0,0.998,1
0.167,0.248,0.674,0.285,13.1,43.8,0.891,0.859,3,0.995,1
0.988,0.397,0.847,0.391,37.4,76.2,0.458,0.447,0,0.999,1
0.795,0.781,0.324,0.959,28.5,79.7,0.571,0.682,1,0.849,1
0.279,0.567,0.676,0.444,15.0,69.0,0.532,0.426,3,0.978,1
0.105,0.284,0.594,0.335,22.4,54.8,0.319,0.543,0,0.97,1
0.834,0.89,0.603,0.569,38.2,27.2,0.966,0.952,4,0.996,1
0.736,0.892,0.683,0.446,45.3,83.6,0.523,0.402,0,0.986,1
0.756,0.884,0.575,0.228,23.2,24.8,0.9,0.743,4,0.996,1
0.794,0.315,0.429,0.459,34.0,18.8,0.351,0.715,2,0.997,1
0.167,0.506,0.276,0.635,17.4,38.7,0.638,0.385,2,0.813,0
0.423,0.986,0.769,0.641,17.5,6.7,0.219,0.528,2,0.922,1
0.204,0.795,0.226,0.485,15.1,83.2,0.811,0.694,1,0.654,1
0.877,0.124,0.692,0.558,27.6,50.8,0.665,0.431,1,0.998,1
0.661,0.159,0.233,0.972,18.8,48.2,0.7,0.86,0,0.883,1
0.398,0.518,0.625,0.502,13.6,56.4,0.241,0.981,4,0.99,1
0.157,0.918,0.747,0.407,5.6,43.3,0.369,0.45,1,0.821,0
0.38,0.585,0.219,0.395,26.7,4.7,0.259,0.431,0,0.87,1
0.393,0.548,0.06,0.566,26.0,52.8,0.431,0.618,1,0.82,1
0.757,0.195,0.131,0.808,64.0,61.4,0.702,0.823,1,0.993,1
0.674,0.691,0.606,0.365,36.5,36.6,0.653,0.497,1,0.991,1
0.898,0.84,0.849,0.767,23.3,64.9,0.69,0.314,0,0.969,1
0.525,0.442,0.045,0.217,45.5,20.8,0.639,0.679,1,0.985,1
0.208,0.798,0.734,0.535,35.0,20.4,0.418,0.97,2,0.979,1
0.742,0.968,0.341,0.821,27.3,15.4,0.396,0.574,3,0.902,1
0.785,0.283,0.479,0.471,32.8,32.9,0.31,0.594,1,0.995,1
0.605,0.571,0.929,0.651,71.1,72.3,0.879,0.978,0,0.999,1
0.794,0.358,0.332,0.364,31.2,70.7,0.693,0.786,2,0.996,1
0.544,0.814,0.465,0.794,49.0,33.8,0.349,0.803,2,0.969,1
0.57,0.62,0.014,0.242,15.6,50.9,0.342,0.694,1,0.891,1
0.485,0.671,0.082,0.882,15.3,61.8,0.898,0.982,0,0.416,0
0.123,0.818,0.259,0.359,11.8,22.0,0.794,0.782,1,0.686,0
0.197,0.456,0.028,0.9,18.1,16.0,0.728,0.927,2,0.566,1
0.128,0.924,0.631,0.482,28.6,82.7,0.525,0.79,0,0.863,0
0.673,0.58,0.426,0.778,83.5,53.3,0.41,0.815,4,0.999,1
0.383,0.242,0.548,0.455,17.0,83.5,0.984,0.503,0,0.971,1
0.558,0.726,0.175,0.925,14.7,30.0,0.838,0.512,4,0.797,1
0.917,0.814,0.296,0.301,47.1,60.4,0.441,0.848,3,0.997,1
0.324,0.385,0.664,0.343,22.0,20.5,0.878,0.508,1,0.987,1
0.469,0.871,0.965,0.594,15.1,23.7,0.807,0.694,0,0.949,1
0.78,0.916,0.05,0.266,29.7,44.5,0.438,0.475,1,0.905,1
0.306,0.349,0.89,0.357,28.0,28.5,0.541,0.872,1,0.997,1
0.169,0.985,0.577,0.955,26.3,15.9,0.349,0.377,3,0.754,0
0.361,0.227,0.564,0.981,19.4,23.8,0.289,0.881,3,0.969,1
0.245,0.282,0.5,0.501,11.6,5.0,0.778,0.722,0,0.933,1
0.937,0.266,0.069,0.939,78.0,60.5,0.414,0.431,1,0.995,1
0.827,0.905,0.09,0.636,37.0,42.8,0.856,0.679,2,0.918,1
0.67,0.689,0.601,0.416,24.6,9.8,0.996,0.498,1,0.981,1
0.884,0.237,0.341,0.762,27.0,16.3,0.261,0.526,3,0.993,1
0.823,0.496,0.917,0.727,40.3,10.5,0.578,0.546,2,0.998,1
0.268,0.654,0.407,0.991,10.9,52.8,0.842,0.344,2,0.622,0
0.903,0.175,0.143,0.412,25.4,9.8,0.831,0.99,0,0.99,1
0.585,0.894,0.715,0.738,26.0,64.6,0.808,0.322,1,0.933,1
0.827,0.823,0.293,0.242,25.8,3.7,0.479,0.764,2,0.984,1
0.906,0.555,0.525,0.291,37.5,22.7,0.563,0.56,1,0.997,1
0.386,0.97,0.698,0.203,11.5,75.9,0.676,0.752,1,0.951,1
0.199,0.476,0.9,1.0,20.9,61.6,0.979,0.549,1,0.935,0
0.305,0.986,0.792,0.842,12.6,8.1,0.462,0.772,6,0.957,1
0.484,0.701,0.676,0.829,12.1,70.2,0.939,0.81,0,0.836,1
0.836,0.671,0.68,0.608,22.9,42.9,0.415,0.783,0,0.979,1
0.875,0.249,0.946,0.44,62.6,72.3,0.991,0.38,2,1.0,1
0.106,0.894,0.296,0.321,33.0,51.9,0.736,0.76,5,0.968,1
0.56,0.485,0.001,0.428,18.0,58.6,0.571,0.496,1,0.86,1
0.476,0.246,0.272,0.501,34.5,84.5,0.691,0.32,1,0.977,1
0.3,0.111,0.218,0.805,21.6,21.3,0.418,0.59,3,0.953,1
0.208,0.604,0.662,0.632,58.3,53.8,0.419,0.603,1,0.988,1
0.404,0.575,0.634,0.262,17.1,40.2,0.291,0.627,0,0.972,1
0.949,0.747,0.593,0.214,40.9,5.3,0.291,0.793,1,0.998,1
0.391,0.901,0.016,0.282,10.8,3.2,0.478,0.516,0,0.465,1
0.567,0.171,0.729,0.528,21.7,11.9,0.81,0.521,1,0.995,1
0.733,0.758,0.324,0.947,68.1,55.9,0.686,0.342,3,0.988,1
0.427,0.269,0.665,0.71,22.3,49.1,0.282,0.781,1,0.982,1
0.975,0.872,0.557,0.841,29.5,47.9,0.882,0.697,2,0.971,1
0.966,0.837,0.343,0.573,26.1,4.6,0.681,0.545,2,0.968,1
0.327,0.587,0.135,0.489,26.4,41.0,0.969,0.794,2,0.907,0
0.548,0.739,0.094,0.287,29.2,78.7,0.736,0.676,1,0.924,1
0.371,0.383,0.832,0.901,16.3,35.0,0.34,0.628,2,0.973,1
0.356,0.524,0.918,0.827,54.1,53.9,0.579,0.658,1,0.994,1
0.133,0.839,0.65,0.334,3.7,66.7,0.719,0.745,0,0.794,1
0.649,0.513,0.103,0.61,21.6,67.1,0.223,0.762,0,0.852,1
0.552,0.422,0.402,0.59,51.9,45.1,0.212,0.502,3,0.996,1
0.146,0.545,0.729,0.7,9.5,73.2,0.304,0.399,2,0.912,1
0.351,0.845,0.78,0.957,13.1,34.5,0.401,0.41,1,0.775,1
0.917,0.402,0.118,0.664,34.4,75.8,0.544,0.748,0,0.963,1
0.316,0.256,0.0,0.632,33.9,21.9,0.59,0.911,2,0.94,1
0.23,0.741,0.712,0.24,7.4,25.3,0.31,0.587,1,0.943,1
0.541,0.843,0.357,0.25,56.5,6.4,0.739,0.419,1,0.986,1
0.987,0.191,0.254,0.35,48.5,68.0,0.677,0.83,1,0.999,1
0.318,0.316,0.013,0.226,10.9,36.6,0.436,0.883,2,0.943,1
0.705,0.228,0.54,0.795,36.3,21.0,0.211,0.916,3,0.997,1
0.785,0.413,0.851,0.779,26.9,21.2,0.262,0.725,3,0.997,1
0.314,0.505,0.958,0.309,15.6,76.8,0.513,0.903,0,0.991,1
0.755,0.774,0.566,0.869,41.8,71.2,0.323,0.311,2,0.977,1
0.431,0.686,0.514,0.324,60.1,47.9,0.501,0.375,3,0.997,1
0.669,0.659,0.085,0.441,18.8,53.1,0.703,0.365,3,0.928,1
0.67,0.417,0.549,0.399,24.9,41.4,0.638,0.799,2,0.995,0
0.582,0.857,0.38,0.498,24.4,34.5,0.385,0.349,1,0.891,1
0.181,0.524,0.607,0.404,11.6,78.0,0.475,0.647,2,0.959,1
0.852,0.981,0.389,0.591,28.1,12.4,0.691,0.631,2,0.95,1
0.389,0.671,0.24,0.526,10.5,36.7,0.889,0.517,1,0.739,1
0.268,0.214,0.095,0.989,24.1,30.6,0.803,0.909,1,0.731,0
0.137,0.709,0.315,0.245,12.0,43.3,0.643,0.419,1,0.787,1
0.632,0.393,0.097,0.314,19.0,40.0,0.49,0.547,3,0.979,1
0.71,0.718,0.177,0.242,43.1,45.1,0.492,0.842,1,0.986,1
0.115,0.163,0.987,0.701,27.2,13.6,0.904,0.321,0,0.987,1
0.561,0.257,0.444,0.244,24.0,44.6,0.231,0.771,1,0.994,1
0.304,0.87,0.532,0.869,12.9,22.1,0.99,0.871,5,0.89,1
0.681,0.304,0.874,0.61,32.3,17.3,0.732,0.953,0,0.997,1
0.257,0.853,0.996,0.622,11.5,7.4,0.745,0.913,0,0.918,1
0.722,0.351,0.583,0.649,22.1,65.3,0.23,0.524,1,0.986,1
0.448,0.679,0.812,0.337,30.9,37.5,0.684,0.71,3,0.997,1
0.943,0.725,0.327,0.358,24.2,54.0,0.588,0.354,1,0.972,1
0.224,0.561,0.306,0.455,7.1,62.4,0.285,0.481,1,0.765,1
0.407,0.375,0.403,0.675,10.3,58.4,0.422,0.366,1,0.885,1
0.202,0.291,0.673,0.368,7.5,41.1,0.912,0.521,0,0.958,1
0.932,0.13,0.682,0.293,24.4,34.2,0.64,0.913,1,0.999,1
0.89,0.374,0.315,0.976,104.3,33.2,0.531,0.543,1,0.999,1
0.332,0.688,0.133,0.218,13.4,55.1,0.258,0.693,1,0.843,1
0.694,0.944,0.632,0.842,19.8,43.1,0.771,0.603,1,0.877,1
0.835,0.884,0.128,0.83,25.0,72.5,0.762,0.621,1,0.738,0
0.6,0.789,0.578,0.438,56.3,74.6,0.691,0.979,0,0.993,1
0.577,0.81,0.693,0.309,25.4,16.2,0.608,0.507,1,0.982,1
0.318,0.698,0.701,0.317,14.7,13.3,0.547,0.739,1,0.968,1
0.184,0.334,0.753,0.758,35.6,54.3,0.675,0.594,1,0.982,1
0.907,0.916,0.873,0.714,30.2,27.0,0.387,0.343,1,0.985,1
0.91,0.704,0.5,0.826,28.9,3.5,0.953,0.643,4,0.989,1
0.67,0.604,0.73,0.95,20.2,75.8,0.671,0.869,0,0.93,1
0.405,0.2,0.619,0.754,17.2,20.8,0.449,0.369,0,0.956,1
0.414,0.502,0.187,0.325,16.1,79.1,0.56,0.349,1,0.89,1
0.753,0.514,0.026,0.395,35.8,61.5,0.845,0.408,0,0.943,1
0.907,0.878,0.285,0.874,27.8,65.3,0.329,0.835,1,0.862,1
0.898,0.592,0.443,0.367,35.4,18.7,0.434,0.807,0,0.992,1
0.802,0.442,0.617,0.258,21.1,21.4,0.744,0.696,2,0.997,1
0.678,0.979,0.85,0.763,20.1,45.3,0.452,0.628,2,0.962,1
0.176,0.2,0.196,0.522,12.2,16.3,0.834,0.922,1,0.896,1
0.245,0.48,0.126,0.936,47.6,27.4,0.304,0.837,1,0.832,1
0.909,0.138,0.963,0.72,29.8,28.7,0.81,0.868,0,0.999,1
0.646,0.766,0.108,0.272,32.5,15.2,0.255,0.869,0,0.938,1
0.108,0.926,0.478,0.958,7.1,19.0,0.21,0.75,3,0.463,0
0.191,0.352,0.586,0.407,6.8,67.4,0.919,0.621,3,0.977,1
0.697,0.873,0.541,0.47,18.3,15.9,0.665,0.905,1,0.958,1
0.105,0.363,0.086,0.522,8.1,4.4,0.481,0.948,0,0.626,0
0.245,0.92,0.057,0.241,8.7,54.2,0.386,0.317,3,0.638,0
0.594,0.779,0.105,0.597,17.7,83.0,0.694,0.336,2,0.771,1
0.723,0.824,0.586,0.299,39.5,29.5,0.607,0.971,0,0.992,1
0.687,0.116,0.544,0.521,17.4,11.8,0.993,0.494,3,0.997,1
0.302,0.967,0.234,0.481,19.8,49.3,0.987,0.911,0,0.601,0
0.741,0.754,0.638,0.818,25.7,77.2,0.708,0.572,2,0.969,1
0.314,0.374,0.82,0.843,18.4,67.1,0.554,0.383,2,0.975,1
0.393,0.846,0.042,0.323,22.2,53.7,0.593,0.356,0,0.603,0
0.772,0.353,0.498,0.493,24.9,28.1,0.746,0.41,2,0.993,1
0.685,0.885,0.689,0.499,22.4,47.0,0.281,0.475,3,0.984,1
0.864,0.201,0.252,0.321,41.4,9.6,0.463,0.642,1,0.997,1
0.692,0.733,0.308,0.839,48.0,58.4,0.26,0.791,0,0.926,0
0.611,0.587,0.614,0.766,18.5,62.2,0.259,0.99,1,0.955,1
0.184,0.187,0.898,0.352,6.1,82.1,0.357,0.609,3,0.996,1
0.431,0.318,0.81,0.493,45.0,23.6,0.588,0.663,3,0.999,1
0.339,0.111,0.583,0.285,14.9,3.5,0.828,0.665,5,0.998,1
0.32,0.522,0.73,0.703,20.0,47.3,0.588,0.678,2,0.97,1
0.976,0.371,0.365,0.297,31.1,60.7,0.468,0.662,1,0.997,1
0.454,0.639,0.641,0.989,13.4,67.6,0.266,0.306,2,0.876,1
0.903,0.368,0.466,0.825,35.9,18.1,0.64,0.301,3,0.995,1
0.668,0.37,0.19,0.512,27.9,23.7,0.417,0.368,2,0.975,1
0.815,0.769,0.702,0.663,23.8,44.5,0.692,0.371,2,0.983,1
0.552,0.143,0.556,0.929,22.8,29.4,0.982,0.793,1,0.975,1
0.619,0.913,0.359,0.643,39.4,73.4,0.289,0.443,1,0.916,0
0.543,0.867,0.911,0.34,27.0,41.3,0.37,0.926,1,0.993,1
0.276,0.701,0.021,0.503,8.4,68.4,0.578,0.95,3,0.728,1
0.75,0.634,0.316,0.875,30.7,50.2,0.975,0.983,0,0.886,1
0.353,0.903,0.057,0.715,27.0,66.2,0.817,0.957,0,0.426,1
0.122,0.267,0.767,0.721,26.7,29.6,0.919,0.49,3,0.989,1
0.681,0.171,0.702,0.893,31.9,71.0,0.467,0.657,3,0.997,1
0.259,0.316,0.331,0.915,9.0,24.8,0.994,0.423,3,0.85,1
0.946,0.815,0.676,0.936,42.2,47.3,0.282,0.864,1,0.982,1
0.959,0.131,0.396,0.276,40.9,19.8,0.242,0.922,1,0.999,1
0.923,0.625,0.756,0.635,23.5,41.5,0.884,0.896,0,0.989,1
0.433,0.996,0.454,0.792,18.8,28.4,0.942,0.603,1,0.652,1
0.114,0.87,0.412,0.806,8.9,24.1,0.272,0.831,0,0.309,0
0.935,0.569,0.935,0.685,40.0,82.3,0.291,0.368,1,0.998,1
0.485,0.157,0.251,0.333,15.8,15.3,0.227,0.328,3,0.986,1
0.97,0.848,0.12,0.838,37.7,67.3,0.284,0.827,3,0.948,1
0.967,0.639,0.585,0.776,60.8,83.7,0.368,0.598,2,0.998,1
0.868,0.203,0.969,0.269,45.7,3.7,0.976,0.997,0,1.0,1
0.365,0.184,0.378,0.571,47.3,60.0,0.734,0.368,2,0.993,1
0.447,0.919,0.062,0.339,68.8,23.0,0.823,0.899,1,0.974,1
0.866,0.702,0.339,0.47,21.8,5.4,0.821,0.636,1,0.964,1
0.385,0.846,0.506,0.214,24.3,35.4,0.628,0.879,2,0.978,1
0.253,0.891,0.162,0.52,14.3,79.6,0.838,0.872,2,0.652,1
0.601,0.615,0.658,0.64,44.5,3.0,0.677,0.941,3,0.996,1
0.943,0.566,0.998,0.696,27.9,50.8,0.452,0.508,0,0.995,1
0.726,0.487,0.452,0.731,77.6,43.6,0.649,0.965,1,0.998,1
0.613,0.385,0.355,0.869,29.6,74.5,0.627,0.406,0,0.92,1
0.187,0.491,0.401,0.372,28.4,9.0,0.859,0.357,3,0.974,1
0.654,0.796,0.115,0.296,17.7,58.6,0.985,0.602,1,0.878,1
0.991,0.642,0.883,0.881,27.8,58.4,0.529,0.88,0,0.988,1
0.226,0.903,0.415,0.325,27.0,57.5,0.811,0.631,0,0.838,1
0.566,0.499,0.387,0.98,14.5,80.2,0.28,0.881,1,0.813,0
0.89,0.646,0.66,0.874,47.7,70.3,0.821,0.811,2,0.994,1
0.767,0.668,0.442,0.601,19.4,5.5,0.497,0.447,0,0.924,1
0.727,0.633,0.648,0.985,34.2,41.1,0.232,0.964,3,0.985,1
0.732,0.732,0.061,0.278,25.1,35.0,0.491,0.343,1,0.911,1
0.424,0.314,0.814,0.442,24.8,27.7,0.689,0.929,3,0.998,1
0.364,0.561,0.941,0.711,27.0,39.5,0.295,0.513,1,0.983,1
0.828,0.194,0.649,0.48,27.0,33.9,0.939,0.65,0,0.997,1
0.829,0.446,0.955,0.943,22.4,37.9,0.262,0.596,3,0.996,1
0.88,0.539,0.151,0.253,23.1,83.3,0.944,0.42,2,0.983,1
0.922,0.687,0.477,0.64,36.4,9.4,0.766,0.551,1,0.985,1
0.56,0.955,0.602,0.673,25.0,78.5,0.464,0.435,2,0.928,1
0.551,0.641,0.582,0.722,34.1,41.9,0.513,0.443,2,0.977,1
0.818,0.769,0.401,0.405,31.2,53.8,0.793,0.431,3,0.989,1
0.685,0.556,0.338,0.492,25.4,70.9,0.681,0.642,1,0.968,1
0.732,0.671,0.127,0.875,25.9,31.9,0.737,0.859,1,0.797,1
0.816,0.164,0.392,0.356,20.8,37.7,0.511,0.698,0,0.993,1
0.901,0.329,0.163,0.861,28.7,36.0,0.59,0.925,2,0.972,1
0.404,0.426,0.734,0.65,66.1,33.1,0.992,0.746,4,0.999,1
0.438,0.525,0.209,0.81,42.0,78.8,0.371,0.783,1,0.913,1
0.185,0.141,0.059,0.771,10.6,70.8,0.534,0.767,3,0.845,1
0.62,0.226,0.552,0.366,28.8,11.0,0.433,0.615,1,0.996,1
0.132,0.349,0.595,0.655,31.5,11.0,0.812,0.783,1,0.969,1
0.519,0.974,0.872,0.894,21.7,37.5,0.811,0.349,2,0.929,1
0.588,0.398,0.577,0.546,15.0,10.2,0.434,0.902,2,0.987,1
0.358,0.534,0.345,0.973,10.1,53.4,0.265,0.844,0,0.524,0
0.632,0.276,0.803,0.562,26.5,13.9,0.209,0.472,3,0.998,1
0.127,0.65,0.54,0.314,55.5,45.4,0.542,0.838,1,0.991,1
0.134,0.353,0.079,0.512,21.1,2.6,0.528,0.309,3,0.882,1
0.84,0.286,0.566,0.961,22.1,28.3,0.991,0.452,3,0.99,1
0.424,0.565,0.908,0.456,13.8,58.2,0.576,0.346,2,0.988,1
0.214,0.105,0.396,0.894,27.5,42.2,0.405,0.846,2,0.958,1
0.57,0.107,0.296,0.905,41.9,83.2,0.913,0.829,1,0.981,1
0.793,0.297,0.143,0.48,34.2,74.6,0.593,0.87,2,0.992,1
0.294,0.133,0.151,0.267,22.9,31.8,0.679,0.303,2,0.974,1
0.661,0.197,0.433,0.78,16.9,5.8,0.277,0.651,2,0.98,1
0.177,0.405,0.596,0.449,30.9,72.2,0.506,0.793,1,0.982,1
0.147,0.822,0.081,0.826,26.9,77.6,0.955,0.409,1,0.35,0
0.578,0.615,0.94,0.554,19.0,70.1,0.672,0.755,2,0.994,1
0.587,0.561,0.755,0.588,33.2,12.6,0.476,0.359,1,0.989,1
0.674,0.364,0.587,0.822,20.5,84.8,0.701,0.427,4,0.991,1
0.753,0.939,0.828,0.506,19.5,23.5,0.928,0.633,2,0.985,1
0.978,0.457,0.08,0.555,27.8,62.1,0.419,0.757,3,0.987,1
0.565,0.178,0.477,0.501,17.1,77.4,0.604,0.402,1,0.984,1
0.391,0.655,0.63,0.494,15.9,21.6,0.967,0.43,0,0.913,1
0.816,0.202,0.829,0.621,28.5,77.4,0.338,0.443,2,0.999,1
0.344,0.411,0.783,0.847,19.2,27.7,0.776,0.467,1,0.959,1
0.495,0.557,0.277,0.489,22.1,83.0,0.692,0.459,3,0.961,1
0.171,0.887,0.941,0.619,9.0,25.3,0.744,0.577,3,0.943,1
0.123,0.544,0.124,0.737,3.5,81.1,0.481,0.758,0,0.291,0
0.966,0.732,0.875,0.416,38.1,6.4,0.451,0.607,0,0.997,1
0.852,0.994,0.971,0.422,28.9,60.9,0.747,0.843,0,0.992,1
0.726,0.218,0.177,0.947,23.5,46.2,0.372,0.803,5,0.984,1
0.468,0.347,0.722,0.779,42.0,41.7,0.536,0.389,4,0.997,1
0.256,0.455,0.04,0.662,27.0,20.6,0.351,0.334,3,0.86,1
0.241,0.48,0.405,0.718,35.3,60.6,0.207,0.915,1,0.937,1
0.325,0.47,0.516,0.223,18.4,17.8,0.976,0.356,1,0.971,1
0.594,0.917,0.581,0.694,17.0,47.9,0.545,0.404,2,0.901,1
0.743,0.743,0.936,0.608,36.5,23.0,0.975,0.315,1,0.994,1
0.694,0.647,0.672,0.637,20.8,81.3,0.312,0.74,0,0.965,1
0.352,0.378,0.481,0.488,17.5,4.4,0.67,0.708,1,0.964,1
0.959,0.841,0.81,0.265,25.0,18.6,0.361,0.991,1,0.997,1
0.764,0.96,0.951,0.355,45.3,22.1,0.832,0.921,0,0.997,1
0.599,0.839,0.022,0.961,17.0,36.4,0.827,0.588,2,0.455,0
0.651,0.101,0.983,0.527,51.3,21.3,0.29,0.56,3,1.0,1
0.478,0.673,0.086,0.573,41.9,42.8,0.93,0.508,2,0.928,1
0.323,0.146,0.814,0.242,17.4,74.4,0.356,0.407,6,0.999,1
0.42,0.332,0.28,0.23,31.0,61.1,0.69,0.397,2,0.988,1
0.782,0.154,0.132,0.774,34.0,50.1,0.989,0.393,2,0.983,1
0.113,0.643,0.44,0.63,27.2,9.4,0.906,0.38,5,0.961,1
0.204,0.718,0.644,0.607,13.6,59.6,0.965,0.468,2,0.896,1
0.141,0.203,0.381,0.394,26.6,15.8,0.474,0.515,1,0.97,1
0.137,0.445,0.055,0.796,12.7,67.3,0.284,0.973,1,0.485,1
0.87,0.511,0.599,0.335,64.2,22.8,0.351,0.705,2,1.0,1
0.733,0.432,0.902,0.352,28.3,36.6,0.6,0.991,0,0.998,1
0.527,0.209,0.383,0.569,22.5,31.1,0.835,0.561,3,0.99,1
0.188,0.477,0.216,0.429,27.8,73.3,0.32,0.62,3,0.955,1
0.542,0.776,0.443,0.398,39.4,12.5,0.728,0.527,1,0.974,1
0.526,0.164,0.048,0.716,25.3,48.9,0.459,0.428,1,0.917,1
0.256,0.172,0.82,0.721,9.4,13.8,0.473,0.4,3,0.988,1
0.49,0.419,0.826,0.86,21.7,60.5,0.73,0.962,3,0.99,1
0.459,0.948,0.588,0.534,63.1,77.1,0.574,0.991,1,0.989,1
0.654,0.702,0.353,0.258,37.3,38.1,0.85,0.331,1,0.98,1
0.672,0.711,0.8,0.419,41.8,42.5,0.325,0.405,3,0.998,1
0.141,0.426,0.555,0.984,4.0,79.0,0.832,0.596,3,0.812,1
0.437,0.634,0.826,0.677,20.4,45.2,0.251,0.43,0,0.95,1
0.663,0.109,0.631,0.768,32.2,42.5,0.355,0.555,1,0.995,1
0.553,0.672,0.784,0.206,40.4,50.0,0.725,0.39,3,0.998,1
0.871,0.922,0.599,0.615,22.5,59.2,0.884,0.62,1,0.959,1
0.693,0.651,0.414,0.23,46.0,10.9,0.402,0.49,3,0.997,1
0.247,0.886,0.958,0.655,18.1,70.2,0.462,0.546,0,0.899,1
0.164,0.752,0.541,0.937,7.4,38.1,0.63,0.366,1,0.495,0
0.678,0.209,0.605,0.975,22.7,8.0,0.369,0.6,3,0.99,1
0.124,0.912,0.22,0.632,8.1,67.3,0.849,0.988,0,0.274,0
0.627,0.16,0.626,0.567,27.0,33.3,0.819,0.53,3,0.998,1
0.946,0.581,0.572,0.956,24.5,10.3,0.316,0.914,0,0.952,1
0.618,0.228,0.185,0.739,18.0,54.6,0.571,0.89,1,0.936,1
0.449,0.111,0.06,0.252,36.4,75.1,0.82,0.966,2,0.995,1
0.679,0.48,0.604,0.573,19.1,75.7,0.47,0.853,0,0.977,1
0.512,0.366,0.764,0.392,16.8,81.5,0.706,0.762,0,0.99,1
0.591,0.537,0.523,0.576,23.8,74.0,0.24,0.9,0,0.965,1
0.947,0.619,0.227,0.564,34.6,2.2,0.687,0.353,1,0.972,1
0.447,0.139,0.667,0.666,32.8,33.6,0.322,0.624,2,0.996,1
0.965,0.211,0.08,0.485,33.0,69.9,0.864,0.992,1,0.993,1
0.915,0.603,0.442,0.331,46.3,32.4,0.484,0.839,1,0.997,1
0.276,0.409,0.163,0.603,21.4,51.9,0.425,0.973,0,0.814,1
0.162,0.756,0.184,0.864,5.9,52.3,0.873,0.846,0,0.185,0
0.191,0.687,0.202,0.731,7.3,32.3,0.24,0.912,2,0.549,1
0.116,0.861,0.387,0.471,11.5,77.1,0.517,0.795,2,0.755,1
0.185,0.723,0.051,0.948,12.2,43.8,0.496,0.832,4,0.463,1
0.715,0.487,0.398,0.93,38.3,40.6,0.428,0.666,0,0.945,1
0.164,0.706,0.512,0.367,17.1,84.8,0.929,0.947,5,0.984,1
0.387,0.348,0.483,0.232,17.0,43.0,0.801,0.878,3,0.995,1
0.86,0.376,0.383,0.793,24.3,16.8,0.251,0.891,2,0.983,1
0.121,0.81,0.839,0.862,6.9,44.6,0.772,0.771,3,0.857,1
0.833,0.502,0.145,0.974,33.7,69.6,0.622,0.513,1,0.904,1
0.354,0.819,0.506,0.912,17.1,66.5,0.921,0.325,1,0.662,1
0.206,0.84,0.062,0.68,16.0,67.5,0.45,0.955,2,0.477,0
0.727,0.872,0.071,0.624,21.0,60.8,0.659,0.71,3,0.864,1
0.666,0.925,0.574,0.222,33.0,23.1,0.601,0.509,1,0.984,1
0.89,0.488,0.566,0.397,51.0,73.6,0.592,0.404,2,0.999,1
0.762,0.387,0.878,0.568,23.5,76.2,0.565,0.881,2,0.998,1
0.823,0.624,0.558,0.703,30.7,18.1,0.365,0.886,1,0.983,1
0.354,0.434,0.96,0.646,64.5,12.8,0.805,0.87,3,0.999,1
0.26,0.641,0.049,0.794,12.6,83.0,0.561,0.752,3,0.591,0
0.776,0.735,0.098,0.424,32.9,74.1,0.967,0.556,3,0.972,1
0.826,0.72,0.044,0.652,22.1,76.1,0.409,0.513,5,0.958,0
0.991,0.437,0.185,0.271,38.8,75.6,0.746,0.306,2,0.995,1
0.471,0.25,0.541,0.531,13.2,47.0,0.953,0.884,0,0.972,1
0.435,0.487,0.646,0.8,58.9,55.7,0.731,0.361,2,0.994,1
0.799,0.228,0.046,0.755,38.8,47.3,0.897,0.742,1,0.973,1
0.407,0.901,0.946,0.993,33.4,6.3,0.862,0.653,0,0.91,1
0.938,0.411,0.842,0.422,41.7,63.9,0.488,0.669,2,1.0,1
0.873,0.239,0.297,0.599,35.2,43.9,0.68,0.949,2,0.996,1
0.486,0.123,0.077,0.464,21.1,55.8,0.325,0.322,2,0.965,1
0.776,0.681,0.17,0.552,48.7,43.7,0.628,0.841,3,0.99,1
0.779,0.673,0.127,0.886,66.6,42.8,0.384,0.336,0,0.952,1
0.193,0.407,0.123,0.747,15.2,16.3,0.795,0.327,3,0.783,1
0.912,0.165,0.519,0.906,63.0,25.1,0.622,0.601,0,0.998,1
0.555,0.469,0.246,0.363,27.0,15.2,0.529,0.344,1,0.961,1
0.844,0.38,0.358,0.899,32.7,18.2,0.415,0.852,3,0.988,1
0.388,0.709,0.99,0.248,18.8,82.8,0.999,0.671,0,0.989,1
0.906,0.645,0.684,0.911,26.2,14.7,0.257,0.32,1,0.975,1
0.45,0.428,0.949,0.463,11.3,24.3,0.235,0.328,0,0.983,1
0.11,0.296,0.143,0.452,6.9,51.0,0.374,0.729,0,0.716,1
0.915,0.989,0.382,0.61,33.6,52.6,0.977,0.864,1,0.954,1
0.182,0.509,0.555,0.953,11.7,14.8,0.983,0.606,3,0.858,1
0.387,0.719,0.077,0.238,18.6,67.9,0.724,0.688,1,0.848,0
0.955,0.226,0.004,0.482,83.1,67.2,0.904,0.86,1,0.999,1
0.956,0.537,0.67,0.885,30.4,21.7,0.371,0.727,4,0.996,1
0.616,0.125,0.642,0.517,24.4,26.0,0.978,0.457,2,0.997,1
0.669,0.555,0.411,0.359,18.9,79.9,0.314,0.729,1,0.977,1
0.504,0.968,0.49,0.54,13.3,70.5,0.281,0.74,1,0.827,0
0.364,0.446,0.415,0.508,31.5,59.9,0.29,0.814,0,0.96,1
0.396,0.135,0.024,0.932,22.6,8.8,0.659,0.735,3,0.901,1
0.705,0.128,0.335,0.81,39.1,36.7,0.825,0.978,1,0.99,1
0.777,0.449,0.177,0.604,21.9,48.4,0.493,0.438,4,0.981,1
0.812,0.244,0.098,0.991,33.0,17.6,0.982,0.966,2,0.958,1
0.811,0.121,0.957,0.572,24.7,39.2,0.548,0.677,2,0.999,1
0.182,0.781,0.599,0.247,8.4,51.9,0.32,0.77,3,0.961,1
0.545,0.513,0.729,0.41,13.8,29.2,0.573,0.37,1,0.982,1
0.152,0.36,0.315,0.549,5.9,66.8,0.743,0.566,3,0.899,1
0.595,0.91,0.393,0.326,20.4,71.8,0.866,0.839,0,0.913,1
0.497,0.205,0.237,0.958,14.3,28.9,0.567,0.795,6,0.976,1
0.899,0.96,0.097,0.813,86.4,71.6,0.675,0.328,3,0.991,1
0.416,0.383,0.179,0.415,15.9,10.6,0.414,0.683,0,0.889,1
0.205,0.9,0.798,0.673,7.2,71.5,0.717,0.362,1,0.768,0
0.229,0.643,0.678,0.777,9.0,14.7,0.989,0.997,1,0.838,1
0.785,0.844,0.547,0.953,32.9,8.9,0.239,0.928,1,0.928,1
0.656,0.986,0.475,0.905,17.4,55.3,0.909,0.315,2,0.778,1
0.191,0.36,0.922,0.612,34.5,41.2,0.65,0.901,0,0.991,1
0.176,0.965,0.073,0.82,53.2,77.4,0.402,0.944,1,0.617,1
0.731,0.451,0.281,0.65,22.5,32.1,0.964,0.547,2,0.967,1
0.165,0.447,0.35,0.642,13.1,25.8,0.587,0.804,1,0.818,1
0.84,0.406,0.782,0.292,21.3,43.6,0.465,0.609,5,1.0,1
0.736,0.587,0.993,0.301,33.7,39.8,0.345,0.759,4,1.0,1
0.173,0.239,0.241,0.624,12.3,30.6,0.396,0.538,2,0.884,1
0.176,0.598,0.874,0.415,9.1,59.6,0.866,0.526,1,0.961,1
0.988,0.588,0.831,0.217,28.2,65.0,0.692,0.597,3,0.999,1
0.437,0.786,0.225,0.778,26.8,72.8,0.931,0.402,2,0.776,0
0.434,0.85,0.399,0.226,18.9,82.7,0.386,0.882,2,0.963,1
0.832,0.496,0.41,0.676,23.8,24.1,0.297,0.544,2,0.981,1
0.953,0.372,0.978,0.631,41.3,61.4,0.205,0.58,6,1.0,1
0.987,0.333,0.181,0.975,37.2,34.7,0.606,0.926,1,0.969,1
0.778,0.275,0.799,0.587,48.8,58.2,0.999,0.648,0,0.999,1
0.439,0.152,0.334,0.251,12.8,41.5,0.756,0.681,0,0.976,1
0.175,0.408,0.731,0.641,27.5,84.5,0.447,0.97,0,0.967,1
0.799,0.343,0.42,0.873,36.8,62.5,0.901,0.921,2,0.989,1
0.603,0.97,0.578,0.997,16.9,81.1,0.825,0.419,4,0.888,1
0.482,0.602,0.833,0.544,29.8,71.3,0.212,0.631,1,0.99,1
0.916,0.413,0.804,0.456,31.6,76.9,0.853,0.98,0,0.998,1
0.2,0.622,0.866,0.925,48.5,69.6,0.44,0.561,2,0.984,1
0.543,0.225,0.06,0.353,15.9,40.1,0.32,0.56,0,0.926,0
0.11,0.5,0.692,0.692,18.2,22.9,0.381,0.437,0,0.873,1
0.522,0.664,0.14,0.525,20.3,32.7,0.575,0.38,2,0.863,1
0.151,0.54,0.416,0.233,50.9,3.7,0.54,0.818,0,0.986,1
0.207,0.462,0.549,0.478,11.2,45.5,0.431,0.839,1,0.938,1
0.206,0.994,0.403,0.412,54.3,43.9,0.338,0.978,1,0.957,0
0.684,0.892,0.52,0.749,51.9,45.6,0.81,0.841,3,0.989,1
0.771,0.661,0.997,0.959,24.0,82.8,0.992,0.47,1,0.984,1
0.625,0.612,0.135,0.414,40.0,77.7,0.822,0.328,2,0.97,1
0.966,0.659,0.675,0.849,105.6,15.4,0.437,0.99,3,1.0,1
0.437,0.281,0.396,0.244,15.3,32.6,0.396,0.538,1,0.981,1
0.357,0.456,0.133,0.63,17.5,37.2,0.374,0.518,2,0.845,1
0.882,0.136,0.159,0.256,33.1,31.9,0.309,0.934,2,0.998,1
0.301,0.528,0.949,0.947,12.8,68.3,0.641,0.71,0,0.908,1
0.967,0.589,0.88,0.813,24.4,45.5,0.684,0.45,4,0.998,1
0.111,0.305,0.907,0.726,6.5,49.5,0.764,0.922,3,0.982,1
0.973,0.968,0.992,0.859,29.3,72.8,0.744,0.995,3,0.994,1
0.139,0.919,0.208,0.718,12.3,68.9,0.434,0.361,2,0.366,1
0.902,0.75,0.355,0.975,25.4,13.0,0.464,0.904,3,0.943,0
0.575,0.58,0.669,0.771,45.4,61.3,0.745,0.573,1,0.987,1
0.994,0.883,0.484,0.94,43.1,38.1,0.48,0.667,1,0.963,1
0.166,0.218,0.418,0.614,5.5,26.5,0.37,0.94,1,0.902,1
0.598,0.811,0.358,0.294,30.7,6.2,0.499,0.981,3,0.989,1
0.972,0.212,0.594,0.623,40.2,42.4,0.418,0.484,2,0.999,1
0.571,0.815,0.576,0.301,61.2,31.5,0.271,0.449,2,0.997,1
0.666,0.348,0.161,0.674,16.7,22.9,0.864,0.356,4,0.969,1
0.726,0.889,0.472,0.586,22.4,59.7,0.882,0.693,3,0.967,1
0.509,0.95,0.553,0.698,52.2,65.9,0.376,0.31,1,0.957,1
0.665,0.234,0.57,0.208,57.0,22.3,0.252,0.588,1,0.999,1
0.626,0.516,0.21,0.356,34.8,6.1,0.791,0.351,2,0.98,1
0.911,0.983,0.742,0.593,44.5,72.4,0.369,0.584,1,0.991,1
0.141,0.535,0.025,0.96,5.0,2.8,0.515,0.328,1,0.195,0
0.353,0.877,0.355,0.507,19.6,79.8,0.251,0.885,1,0.82,1
0.955,0.63,0.78,0.539,27.8,54.1,0.381,0.447,0,0.992,1
0.901,0.438,0.564,0.772,25.5,28.7,0.834,0.53,1,0.986,1
0.51,0.357,0.261,0.683,37.7,22.5,0.844,0.909,2,0.98,1
0.658,0.283,0.695,0.439,18.6,2.7,0.366,0.822,2,0.997,1
0.35,0.786,0.567,0.529,18.2,21.5,0.469,0.453,2,0.923,1
0.269,0.448,0.796,0.374,48.6,13.4,0.307,0.35,1,0.996,1
0.517,0.56,0.735,0.973,16.0,52.8,0.259,0.801,4,0.975,1
0.418,0.543,0.61,0.305,67.7,15.8,0.994,0.573,2,0.999,1
0.625,0.62,0.488,0.497,93.1,45.9,0.724,0.836,1,0.999,1
0.17,0.879,0.133,0.221,16.4,51.0,0.634,0.612,0,0.586,0
0.977,0.983,0.261,0.377,27.2,26.7,0.812,0.542,1,0.949,1
0.988,0.467,0.419,0.824,30.4,4.9,0.872,0.616,0,0.973,1
0.728,0.845,0.599,0.361,26.5,5.1,0.845,0.824,1,0.985,1
0.582,0.788,0.514,0.264,20.1,4.2,0.213,0.932,1,0.978,1
0.379,0.616,0.288,0.58,14.4,63.3,0.349,0.335,3,0.889,0
0.832,0.96,0.006,0.208,74.6,28.4,0.724,0.667,2,0.994,1
0.716,0.28,0.496,0.268,20.4,68.1,0.501,0.323,2,0.995,1
0.246,0.198,0.286,0.846,26.0,37.8,0.986,0.628,0,0.855,0
0.92,0.869,0.735,0.817,23.0,39.6,0.732,0.92,1,0.969,1
0.84,0.495,0.024,0.932,34.6,44.6,0.965,0.553,2,0.918,1
0.955,0.862,0.585,0.884,61.0,61.2,0.361,0.953,1,0.991,1
0.753,0.904,0.941,0.747,23.9,24.7,0.891,0.741,1,0.979,1
0.652,0.156,0.174,0.242,19.4,12.1,0.457,0.954,1,0.991,1
0.476,0.895,0.472,0.826,27.7,48.2,0.992,0.83,1,0.819,1
0.939,0.503,0.091,0.876,42.2,29.1,0.326,0.372,1,0.952,1
0.879,0.559,0.626,0.839,39.5,38.7,0.613,0.462,1,0.989,1
0.141,0.664,0.551,0.607,9.3,55.7,0.834,0.576,0,0.706,0
0.124,0.934,0.407,0.386,7.5,43.0,0.546,0.419,3,0.754,1
0.439,0.117,0.521,0.876,57.8,53.5,0.574,0.646,2,0.996,1
0.829,0.529,0.897,0.782,59.3,47.2,0.989,0.63,2,0.999,1
0.989,0.719,0.196,0.985,33.9,63.4,0.54,0.969,3,0.95,1
0.235,0.75,0.023,0.325,34.0,60.6,0.683,0.604,1,0.814,1
0.635,0.723,0.862,0.381,24.9,46.3,0.244,0.85,1,0.994,1
0.443,0.221,0.577,0.369,19.4,58.3,0.874,0.959,3,0.997,1
0.973,0.369,0.891,0.834,26.9,74.5,0.719,0.914,1,0.997,1
0.858,0.423,0.597,0.35,29.8,37.9,0.523,0.446,5,0.999,1
0.854,0.824,0.81,0.253,32.9,36.3,0.213,0.647,0,0.995,1
0.522,0.351,0.43,0.999,13.4,65.4,0.673,0.543,1,0.862,1
0.473,0.29,0.75,0.22,20.6,50.4,0.21,0.58,1,0.996,1
0.346,0.962,0.913,0.868,31.5,7.9,0.201,0.553,2,0.949,1
0.151,0.108,0.572,0.492,20.9,76.0,0.693,0.878,2,0.99,1
0.878,0.998,0.181,0.873,37.1,4.6,0.351,0.616,1,0.811,1
0.832,0.709,0.269,0.644,56.8,64.1,0.354,0.667,1,0.985,1
1.0,0.846,0.199,0.921,25.3,65.0,0.723,0.988,3,0.916,1
0.997,0.365,0.247,0.941,37.1,81.1,0.243,0.342,1,0.975,1
0.6,0.113,0.306,0.207,38.2,6.5,0.451,0.642,5,0.999,1
0.792,0.764,0.555,0.26,31.5,51.5,0.32,0.842,1,0.993,1
0.95,0.851,0.588,0.4,29.6,37.5,0.664,0.406,3,0.994,1
0.865,0.766,0.426,0.735,23.8,29.4,0.729,0.728,3,0.972,1
0.323,0.229,0.615,0.911,40.8,9.5,0.777,0.468,1,0.981,1
0.505,0.778,0.082,0.568,22.2,48.7,0.404,0.907,1,0.764,0
0.216,0.792,0.088,0.686,37.0,41.8,0.271,0.529,1,0.645,1
0.959,0.693,0.172,0.351,37.2,10.7,0.263,0.53,1,0.982,1
0.646,0.79,0.518,0.844,33.0,52.8,0.541,0.719,2,0.952,1
0.306,0.861,0.214,0.974,32.1,63.3,0.957,0.428,3,0.691,0
0.705,0.652,0.283,0.415,33.8,65.7,0.374,0.499,2,0.98,1
0.656,0.18,0.4,0.596,24.0,77.1,0.405,0.592,0,0.98,1
0.422,0.539,0.812,0.269,21.4,36.0,0.281,0.548,0,0.988,1
0.202,0.17,0.014,0.647,29.4,81.1,0.684,0.667,0,0.828,0
0.704,0.467,0.649,0.602,24.6,73.8,0.744,0.72,4,0.997,1
0.568,0.466,0.669,0.316,21.6,26.6,0.714,0.697,0,0.989,1
0.795,0.159,0.799,0.554,21.4,15.2,0.889,0.758,0,0.997,1
0.568,0.414,0.933,0.467,51.1,38.1,0.589,0.515,1,0.999,1
0.867,0.2,0.02,0.617,23.1,35.4,0.308,0.388,3,0.982,1
0.597,0.827,0.154,0.669,30.6,49.8,0.432,0.833,2,0.876,1
0.605,0.953,0.886,0.207,23.1,50.4,0.73,0.896,1,0.993,1
0.889,0.165,0.459,0.809,30.0,64.2,0.69,0.48,0,0.987,1
0.463,0.96,0.565,0.77,28.6,44.3,0.625,0.585,1,0.852,1
0.221,0.57,0.663,0.493,6.6,10.7,0.746,0.649,2,0.942,1
0.126,0.37,0.679,0.242,16.7,73.2,0.71,0.673,1,0.984,1
0.78,0.169,0.932,0.804,41.7,27.7,0.905,0.762,1,0.999,1
0.658,0.551,0.997,0.964,42.9,82.6,0.669,0.329,2,0.996,1
0.734,0.815,0.72,0.392,21.1,11.8,0.823,0.805,1,0.987,1
0.292,0.736,0.287,0.459,41.4,81.5,0.399,0.343,1,0.914,1
0.223,0.145,0.88,0.347,21.6,9.6,0.743,0.628,0,0.995,1
0.113,0.166,0.049,0.662,34.9,21.2,0.922,0.879,2,0.932,1
0.416,0.463,0.231,0.324,20.4,5.9,0.509,0.616,0,0.921,1
0.631,0.366,0.897,0.485,27.5,60.5,0.823,0.404,3,0.999,1
0.453,0.309,0.256,0.758,49.0,72.6,0.78,0.99,1,0.978,1
0.494,0.353,0.221,0.648,46.9,38.0,0.248,0.922,1,0.98,1
0.914,0.823,0.138,0.509,31.8,79.1,0.665,0.84,2,0.964,1
0.413,0.936,0.859,0.536,15.1,51.0,0.304,0.588,0,0.911,1
0.563,0.465,0.5,0.65,21.6,54.3,0.974,0.429,3,0.981,1
0.805,0.915,0.675,0.205,27.5,72.2,0.849,0.959,2,0.996,1
0.457,0.389,0.239,0.263,16.5,26.6,0.288,0.673,4,0.988,1
0.66,0.529,0.758,0.905,21.2,31.4,0.297,0.897,1,0.971,1
0.876,0.303,0.76,0.262,51.5,77.2,0.676,0.539,1,1.0,1
0.955,0.676,0.313,0.765,25.0,76.8,0.476,0.535,2,0.959,1
0.232,0.981,0.411,0.936,22.8,83.0,0.228,0.99,2,0.559,1
0.934,0.643,0.21,0.417,26.2,76.9,0.633,0.665,1,0.973,1
0.543,0.422,0.977,0.496,19.9,12.6,0.51,0.398,2,0.996,1
0.332,0.683,0.646,0.655,9.3,70.4,0.281,0.454,1,0.862,1
0.513,0.211,0.935,0.905,17.6,36.0,0.842,0.637,1,0.989,1
0.982,0.9,0.303,0.954,46.5,84.2,0.932,0.33,1,0.935,0
0.543,0.553,0.782,0.792,46.0,41.2,0.805,0.624,4,0.997,1
0.396,0.504,0.766,0.269,13.7,48.0,0.858,0.593,3,0.994,1
0.67,0.627,0.692,0.735,26.1,46.0,0.373,0.846,2,0.985,1
0.316,0.662,0.966,0.528,17.4,28.7,0.411,0.548,4,0.993,1
0.168,0.165,0.394,0.577,35.2,8.2,0.367,0.988,2,0.987,1
0.216,0.714,0.131,0.239,27.0,76.3,0.812,0.427,3,0.918,1
0.215,0.318,0.672,0.353,16.2,68.6,0.958,0.714,3,0.993,1
0.237,0.743,0.729,0.832,22.6,13.6,0.773,0.363,3,0.935,1
0.225,0.84,0.575,0.563,33.8,66.5,0.905,0.814,4,0.977,1
0.677,0.824,0.207,0.441,17.1,53.9,0.711,0.996,1,0.896,0
0.264,0.597,0.504,0.507,14.3,36.0,0.51,0.873,3,0.96,1
0.411,0.568,0.312,0.884,45.9,23.1,0.541,0.689,1,0.922,1
0.907,0.229,0.427,0.799,42.9,73.4,0.26,0.639,4,0.998,1
0.527,0.798,0.645,0.418,24.9,60.1,0.225,0.885,0,0.967,1
0.701,0.344,0.745,0.294,28.8,47.5,0.756,0.955,4,1.0,1
0.255,0.547,0.232,0.402,12.8,52.6,0.551,0.992,4,0.958,0
0.273,0.356,0.405,0.937,17.9,9.6,0.642,0.578,2,0.871,0
0.137,0.22,0.269,0.665,19.4,41.3,0.646,0.994,0,0.853,1
0.252,0.667,0.199,0.627,14.4,18.1,0.422,0.409,0,0.506,0
0.351,0.149,0.783,0.677,27.6,19.3,0.581,0.477,2,0.995,1
0.259,0.774,0.909,0.493,36.1,56.9,0.577,0.362,0,0.974,1
0.18,0.386,0.37,0.846,7.0,77.6,0.511,0.49,2,0.761,1
0.209,0.1,0.751,0.619,14.2,35.5,0.857,0.838,2,0.99,1
0.515,0.56,0.897,0.293,20.7,19.2,0.561,0.897,1,0.996,1
0.286,0.142,0.846,0.303,24.6,55.8,0.683,0.845,1,0.998,1
0.428,0.349,0.183,0.629,15.0,74.3,0.916,0.742,0,0.827,1
0.553,0.736,0.956,0.949,29.2,64.1,0.893,0.66,2,0.981,1
0.721,0.156,0.377,0.447,49.5,74.1,0.912,0.796,0,0.997,1
0.135,0.855,0.339,0.896,11.5,46.5,0.416,0.574,2,0.409,0
0.819,0.103,0.062,0.811,56.8,64.4,0.228,0.889,1,0.992,1
0.665,0.322,0.486,0.398,91.4,13.6,0.409,0.774,1,1.0,1
0.174,0.767,0.109,0.229,6.0,30.9,0.423,0.788,1,0.661,0
0.886,0.385,0.249,0.281,26.1,34.3,0.927,0.675,1,0.992,1
0.929,0.192,0.317,0.783,68.3,44.4,0.719,0.92,1,0.998,1
0.155,0.424,0.809,0.36,51.5,79.1,0.265,0.476,2,0.998,1
0.349,0.343,0.875,0.497,10.3,74.6,0.308,0.567,2,0.991,1
0.826,0.858,0.302,0.601,20.9,13.2,0.325,0.844,2,0.937,1
0.773,0.382,0.859,0.78,22.0,16.3,0.704,0.645,0,0.989,1
0.266,0.81,0.857,0.291,89.5,31.7,0.788,0.922,4,1.0,1
0.288,0.903,0.765,0.525,10.2,26.1,0.888,0.542,3,0.939,1
0.433,0.49,0.147,0.588,21.3,53.0,0.953,0.559,2,0.897,1
0.536,0.919,0.69,0.633,41.7,76.9,0.361,0.922,2,0.984,1
0.656,0.44,0.945,0.855,16.7,81.9,0.448,0.625,0,0.98,1
0.432,0.968,0.683,0.337,24.7,56.2,0.392,0.661,0,0.942,1
0.516,0.18,0.332,0.846,17.8,71.6,0.487,0.533,2,0.954,1
0.773,0.718,0.501,0.754,49.1,45.6,0.932,0.494,1,0.983,1
0.133,0.544,0.646,0.645,8.3,19.3,0.66,0.759,0,0.816,1
0.327,0.449,0.511,0.76,25.6,45.5,0.791,0.384,2,0.951,1
0.742,0.669,0.12,0.53,35.4,48.1,0.592,0.915,3,0.979,1
0.906,0.733,0.312,0.311,26.4,63.6,0.223,0.845,1,0.984,1
0.561,0.104,0.802,0.733,14.5,20.3,0.251,0.434,1,0.991,1
0.579,0.25,0.861,0.62,22.4,32.6,0.63,0.786,1,0.996,0
0.196,0.742,0.137,0.711,10.0,32.2,0.775,0.722,1,0.386,0
0.503,0.7,0.952,0.47,37.4,81.6,0.372,0.429,2,0.996,1
0.579,0.969,0.329,0.925,38.7,38.8,0.778,0.491,3,0.884,1
0.318,0.785,0.662,0.67,17.1,64.7,0.849,0.586,2,0.914,1
0.342,0.956,0.752,0.268,22.5,64.3,0.53,0.789,1,0.97,1
0.44,0.732,0.812,0.56,24.9,24.0,0.797,0.747,2,0.985,1
0.118,0.368,0.946,0.805,29.3,49.5,0.523,0.673,2,0.987,1
0.39,0.195,0.313,0.835,18.0,76.2,0.743,0.838,0,0.873,1
0.29,0.804,0.859,0.596,12.1,41.4,0.811,0.831,1,0.933,1
0.395,0.68,0.132,0.916,14.5,80.4,0.994,0.733,3,0.644,0
0.208,0.143,0.705,0.414,16.7,19.8,0.476,0.851,2,0.994,1
0.901,0.424,0.742,0.528,31.5,8.2,0.529,0.534,3,0.999,1
0.634,0.961,0.678,0.919,24.6,76.0,0.332,0.917,2,0.915,1
0.711,0.55,0.252,0.917,19.2,72.4,0.363,0.73,0,0.773,1
0.81,0.489,0.873,0.749,39.3,84.4,0.755,0.876,1,0.997,0
0.549,0.512,0.169,0.887,17.3,58.4,0.934,0.682,4,0.903,1
0.178,0.288,0.054,0.271,7.7,79.7,0.516,0.453,2,0.871,0
0.583,0.432,0.717,0.892,22.6,70.6,0.344,0.68,2,0.981,1
0.628,0.433,0.475,0.456,19.6,72.1,0.428,0.56,1,0.979,1
0.771,0.147,0.849,0.343,32.4,49.2,0.564,0.788,0,0.999,1
0.488,0.791,0.383,0.391,19.2,33.7,0.433,0.633,3,0.959,1
0.215,0.475,0.168,0.534,14.3,79.6,0.387,0.885,1,0.797,1
0.355,0.84,0.836,0.401,20.4,37.9,0.789,0.775,1,0.974,1
0.427,0.865,0.549,0.456,14.1,46.7,0.206,0.779,2,0.932,1
0.681,0.291,0.189,0.308,19.6,39.0,0.631,0.452,0,0.965,1
0.614,0.692,0.72,0.437,47.2,48.9,0.835,0.989,3,0.999,1
0.42,0.525,0.511,0.658,19.0,41.1,0.413,0.889,0,0.914,1
0.988,0.892,0.604,0.553,32.7,6.0,0.683,0.852,2,0.992,1
0.645,0.294,0.461,0.477,16.7,75.2,0.735,0.531,1,0.983,1
0.314,0.71,0.829,0.797,18.2,38.9,0.724,0.675,2,0.947,1
0.192,0.647,0.83,0.915,16.9,50.9,0.557,0.396,2,0.91,1
0.238,0.366,0.709,0.805,18.2,13.6,0.477,0.677,1,0.947,1
0.321,0.223,0.105,0.466,26.4,2.3,0.869,0.402,0,0.902,1
0.245,0.686,0.839,0.796,9.0,22.4,0.807,0.687,2,0.914,1
0.268,0.765,0.671,0.322,11.1,60.5,0.457,0.754,0,0.917,1
0.357,0.384,0.697,0.304,33.9,10.2,0.282,0.573,2,0.997,1
0.256,0.68,0.363,0.477,50.5,77.4,0.257,0.649,2,0.977,1
0.907,0.456,0.879,0.846,24.9,19.8,0.275,0.913,2,0.996,1
0.172,0.742,0.725,0.397,14.6,19.0,0.666,0.376,2,0.944,1
0.572,0.279,0.113,0.251,17.9,17.1,0.241,0.854,0,0.966,1
0.469,0.901,0.408,0.305,12.7,3.2,0.47,0.42,0,0.795,1
0.984,0.359,0.886,0.887,30.5,66.1,0.803,0.326,2,0.998,1
0.201,0.431,0.047,0.707,7.3,74.6,0.435,0.43,1,0.479,0
0.458,0.152,0.961,0.403,30.0,53.0,0.811,0.836,1,0.999,1
0.973,0.2,0.679,0.644,35.8,17.6,0.796,0.584,3,0.999,1
0.879,0.564,0.631,0.622,24.3,25.7,0.397,0.911,2,0.993,1
0.835,0.341,0.271,0.724,21.0,41.5,0.783,0.667,3,0.984,0
0.332,0.852,0.249,0.387,33.1,81.2,0.798,0.316,2,0.892,1
0.254,0.113,0.942,0.892,9.3,22.5,0.518,0.802,2,0.985,1
0.702,0.441,0.298,0.447,31.5,62.7,0.368,0.377,1,0.98,1
0.936,0.404,0.776,0.755,29.6,38.5,0.617,0.853,0,0.994,1
0.601,0.117,0.393,0.213,28.2,26.7,0.937,0.418,1,0.996,1
0.614,0.212,0.139,0.498,21.1,39.8,0.712,0.542,2,0.975,1
0.352,0.472,0.011,0.481,10.2,7.9,0.338,0.833,3,0.869,1
0.793,0.544,0.544,0.635,23.6,68.3,0.746,0.968,2,0.989,1
0.268,0.464,0.976,0.258,9.8,22.2,0.542,0.56,3,0.996,1
0.391,0.578,0.369,0.832,18.2,62.2,0.673,0.881,1,0.803,1
0.483,0.636,0.357,0.374,28.2,7.7,0.787,0.434,1,0.953,1
0.557,0.109,0.344,0.742,18.5,81.3,0.612,0.865,1,0.969,1
0.318,0.518,0.521,0.843,8.1,18.0,0.851,0.76,2,0.854,0
0.203,0.967,0.441,0.65,16.1,75.3,0.778,0.435,0,0.471,1
0.65,0.567,0.88,0.793,30.2,69.2,0.692,0.512,1,0.989,1
0.36,0.71,0.506,0.729,58.4,82.3,0.321,0.392,0,0.959,1
0.623,0.381,0.508,0.484,28.9,41.7,0.869,0.568,3,0.995,1
0.239,0.797,0.138,0.847,15.5,62.4,0.949,0.443,1,0.326,0
0.533,0.796,0.983,0.436,26.1,32.8,0.31,0.751,2,0.995,1
0.579,0.569,0.25,0.657,53.9,17.3,0.591,0.996,1,0.98,1
0.147,0.978,0.073,0.796,30.1,38.8,0.407,0.308,0,0.213,0
0.403,0.213,0.663,0.503,15.9,15.8,0.804,0.679,2,0.992,1
0.221,0.115,0.595,0.442,9.6,83.5,0.777,0.702,0,0.97,1
0.157,0.793,0.415,0.567,8.5,10.0,0.313,0.94,0,0.59,1
0.991,0.826,0.422,0.854,35.3,50.9,0.902,0.654,1,0.956,1
0.39,0.208,0.785,0.944,30.2,54.0,0.345,0.681,1,0.985,1
0.829,0.339,0.196,0.636,31.2,46.7,0.838,0.63,3,0.99,1
0.329,0.116,0.82,0.729,9.3,57.0,0.566,0.488,0,0.972,1
0.713,0.364,0.649,0.923,37.1,11.6,0.463,0.339,3,0.995,1
0.784,0.796,0.419,0.279,44.2,48.1,0.327,0.586,1,0.991,1
0.636,0.566,0.458,0.386,21.0,25.8,0.334,0.337,3,0.986,1
0.524,0.413,0.257,0.767,29.5,80.0,0.73,0.685,2,0.95,1
0.471,0.435,0.752,0.859,20.1,65.3,0.64,0.515,3,0.984,1
0.414,0.101,0.513,0.886,43.3,82.7,0.298,0.674,2,0.992,1
0.937,0.37,0.321,0.532,51.4,5.1,0.29,0.394,1,0.996,1
0.848,0.682,0.596,0.271,32.4,25.7,0.258,0.953,1,0.997,1
0.969,0.977,0.996,0.55,41.9,18.2,0.795,0.926,0,0.996,1
0.212,0.862,0.435,0.385,37.5,2.9,0.77,0.433,1,0.915,1
0.758,0.121,0.921,0.433,29.2,22.1,0.247,0.54,1,0.999,1
0.945,0.909,0.345,0.818,29.2,58.3,0.648,0.729,3,0.956,1
0.263,0.805,0.055,0.26,27.6,21.2,0.268,0.367,1,0.75,1
0.16,0.802,0.204,0.862,7.7,44.2,0.923,0.548,1,0.247,1
0.767,0.512,0.419,0.542,26.6,75.7,0.926,0.476,1,0.978,1
0.617,0.458,0.22,0.677,45.5,59.6,0.759,0.941,3,0.989,1
0.858,0.373,0.0,0.272,40.8,34.8,0.941,0.897,1,0.993,1
0.226,0.159,0.915,0.47,13.4,32.9,0.849,0.706,3,0.997,1
0.816,0.305,0.844,0.272,24.0,39.8,0.863,0.664,3,1.0,1
0.281,0.322,0.742,0.969,13.6,16.7,0.656,0.952,1,0.926,1
0.247,0.536,0.168,0.846,11.2,54.6,0.445,0.953,2,0.619,0
0.248,0.773,0.12,0.568,9.1,32.2,0.374,0.979,0,0.42,0
0.833,0.526,0.068,0.379,41.2,72.7,0.462,0.388,2,0.985,1
0.699,0.152,0.724,0.947,21.8,64.8,0.703,0.412,2,0.992,1
0.571,0.962,0.929,0.476,23.4,52.7,0.338,0.774,2,0.988,1
0.423,0.948,0.431,0.329,17.9,32.2,0.407,0.679,0,0.837,1
0.889,0.807,0.119,0.651,82.6,19.4,0.574,0.313,0,0.985,1
0.453,0.992,0.512,0.955,18.8,66.4,0.386,0.343,2,0.69,0
0.835,0.59,0.349,0.203,22.1,42.4,0.671,0.922,0,0.987,1
0.495,0.966,0.375,0.39,13.8,20.7,0.939,0.908,2,0.899,1
0.439,0.168,0.621,0.951,24.4,18.2,0.798,0.55,1,0.971,1
0.516,0.429,0.719,0.337,26.6,15.7,0.733,0.924,3,0.998,1
0.371,0.303,0.111,0.291,17.4,66.5,0.666,0.716,1,0.946,1
0.773,0.276,0.036,0.656,27.8,21.0,0.59,0.864,0,0.94,1
0.552,0.227,0.994,0.889,14.6,45.7,0.349,0.599,3,0.996,1
0.309,0.66,0.233,0.582,18.6,39.5,0.916,0.379,1,0.734,1
0.91,0.803,0.054,0.996,33.3,50.1,0.399,0.604,3,0.873,1
0.446,0.62,0.19,0.743,13.6,74.8,0.273,0.62,3,0.825,0
0.589,0.232,0.039,0.259,16.4,74.0,0.8,0.686,2,0.978,1
0.916,0.83,0.392,0.994,24.9,39.4,0.34,0.374,1,0.862,1
0.662,0.672,0.802,0.526,18.1,3.3,0.498,0.994,2,0.992,1
0.205,0.449,0.341,0.43,19.2,37.4,0.223,0.471,2,0.935,1
0.946,0.707,0.444,0.646,26.9,52.3,0.31,0.439,3,0.986,1
0.665,0.334,0.676,0.443,21.0,48.3,0.339,0.669,1,0.994,1
0.401,0.411,0.509,0.269,12.9,56.1,0.244,0.676,2,0.985,1
0.225,0.926,0.861,0.201,53.1,14.8,0.725,0.608,1,0.994,1
0.815,0.361,0.866,0.56,49.3,55.7,0.87,0.84,3,1.0,1
0.658,0.523,0.01,0.869,20.4,17.2,0.499,0.662,1,0.715,0
0.58,0.901,0.778,0.658,20.5,64.3,0.9,0.727,0,0.928,1
0.905,0.737,0.461,0.999,26.1,30.1,0.371,0.807,1,0.915,1
0.81,0.156,0.989,0.429,30.4,60.9,0.46,0.318,2,1.0,1
0.237,0.233,0.483,0.424,6.2,6.0,0.321,0.699,1,0.955,1
0.381,0.107,0.987,0.328,26.2,35.9,0.696,0.919,2,0.999,1
0.324,0.668,0.755,0.331,19.2,60.5,0.536,0.312,0,0.955,1
0.77,0.503,0.249,0.428,53.6,20.8,0.691,0.584,1,0.993,1
0.13,0.221,0.538,0.834,5.9,68.0,0.809,0.948,2,0.901,1
0.613,0.962,0.992,0.925,39.8,54.4,0.637,0.547,2,0.984,1
0.786,0.577,0.858,0.98,43.2,50.8,0.702,0.621,2,0.995,1
0.889,0.318,0.097,0.386,24.3,31.3,0.948,0.987,3,0.994,1
0.408,0.551,0.706,0.905,17.8,42.0,0.439,0.44,4,0.973,1
0.839,0.712,0.346,0.463,23.8,51.6,0.487,0.346,3,0.98,1
0.2,0.169,0.007,0.29,9.4,41.2,0.774,0.902,2,0.935,1
0.862,0.347,0.403,0.896,26.1,60.0,0.689,0.908,0,0.96,1
0.215,0.826,0.235,0.709,17.6,38.0,0.343,0.63,4,0.771,1
0.458,0.514,0.819,0.332,19.4,18.8,0.501,0.66,3,0.996,1
0.818,0.592,0.337,0.544,64.7,19.8,0.574,0.885,0,0.995,1
0.235,0.49,0.828,0.43,7.9,2.5,0.536,0.817,1,0.975,1
0.306,0.14,0.001,0.789,62.2,27.0,0.343,0.486,4,0.99,1
0.75,0.249,0.308,0.563,22.7,64.2,0.94,0.312,4,0.993,1
0.748,0.501,0.241,0.991,40.9,67.9,0.81,0.636,1,0.936,1
0.677,0.288,0.234,0.244,23.1,18.8,0.585,0.901,4,0.997,1
0.725,0.145,0.068,0.484,20.4,81.6,0.744,0.927,3,0.99,1
0.588,0.859,0.187,0.586,44.0,43.7,0.918,0.969,0,0.898,1
0.327,0.983,0.556,0.603,13.7,78.1,0.309,0.916,3,0.885,1
0.411,0.814,0.291,0.453,26.4,60.7,0.4,0.706,0,0.832,0
0.263,0.868,0.417,0.783,19.1,62.0,0.634,0.611,1,0.623,0
0.918,0.318,0.377,0.9,32.5,9.1,0.839,0.842,3,0.992,1
0.625,0.965,0.876,0.951,25.9,20.3,0.229,0.818,3,0.967,1
0.461,0.277,0.905,0.844,31.3,2.7,0.987,0.677,1,0.993,1
0.516,0.956,0.493,0.88,14.3,61.4,0.564,0.361,5,0.897,0
0.953,0.995,0.33,0.64,40.4,30.6,0.487,0.948,7,0.996,1
0.238,0.741,0.107,0.861,39.9,67.3,0.434,0.619,2,0.721,0
0.628,0.983,0.953,0.443,16.6,30.1,0.339,0.554,0,0.967,1
0.555,0.613,0.06,0.519,16.2,70.0,0.833,0.741,1,0.812,1
0.65,0.334,0.298,0.454,35.2,12.8,0.964,0.772,4,0.997,1
0.116,0.493,0.298,0.574,11.5,16.4,0.531,0.447,1,0.725,1
0.885,0.634,0.32,0.428,29.9,30.3,0.962,0.886,1,0.986,1
0.939,0.166,0.164,0.969,25.7,35.9,0.859,0.503,2,0.973,1
0.609,0.66,0.783,0.45,25.8,30.9,0.585,0.431,1,0.988,1
0.727,0.983,0.122,0.278,20.2,65.4,0.739,0.584,1,0.856,1
0.93,0.271,0.635,0.621,33.0,10.0,0.548,0.811,2,0.998,1
0.737,0.813,0.124,0.246,40.0,31.2,0.647,0.976,0,0.969,1
0.237,0.917,0.071,0.288,10.4,71.5,0.246,0.866,1,0.588,0
0.619,0.949,0.909,0.376,25.3,7.5,0.757,0.958,0,0.987,1
0.646,0.964,0.19,0.571,88.6,80.2,0.242,0.398,2,0.991,1
0.482,0.569,0.821,0.547,29.4,83.9,0.854,0.35,1,0.988,1
0.763,0.98,0.545,0.84,46.7,9.4,0.86,0.69,0,0.937,1
0.941,0.782,0.078,0.792,31.6,26.2,0.39,0.503,1,0.862,1
0.933,0.246,0.955,0.541,45.2,32.9,0.459,0.88,0,1.0,1
0.506,0.529,0.247,0.467,13.3,66.4,0.585,0.77,1,0.908,1
0.202,0.746,0.86,0.453,7.0,51.5,0.677,0.98,0,0.926,1
0.986,0.323,0.169,0.819,28.1,55.5,0.43,0.478,4,0.99,1
0.855,0.677,0.854,0.242,29.1,64.9,0.674,0.64,3,0.999,1
0.212,0.7,0.013,0.21,33.3,11.8,0.438,0.651,0,0.817,1
0.929,0.246,0.512,0.836,29.6,71.2,0.244,0.467,4,0.997,1
0.883,0.609,0.769,0.582,38.0,60.6,0.202,0.713,1,0.997,1
0.567,0.794,0.935,0.305,32.7,49.9,0.281,0.61,1,0.995,1
0.632,0.549,0.909,0.388,29.0,75.8,0.834,0.613,3,0.999,1
0.459,0.111,0.82,0.946,18.1,60.1,0.969,0.554,2,0.989,1
0.149,0.108,0.888,0.888,16.6,18.7,0.542,0.312,1,0.975,1
0.402,0.421,0.199,0.768,16.3,37.7,0.61,0.665,0,0.721,1
0.823,0.934,0.284,0.586,21.9,43.0,0.317,0.535,2,0.909,1
0.104,0.306,0.289,0.616,76.6,6.6,0.641,0.301,4,0.997,1
0.4,0.671,0.377,0.98,12.0,81.2,0.316,0.516,0,0.491,0
0.458,0.3,0.393,0.973,12.6,12.7,0.689,0.495,1,0.849,1
0.584,0.39,0.545,0.372,46.2,59.9,0.947,0.575,1,0.997,1
0.928,0.863,0.16,0.849,28.6,44.0,0.357,0.392,2,0.871,0
0.412,0.756,0.691,0.358,26.1,4.1,0.812,0.655,4,0.993,1
0.412,0.186,0.168,0.371,16.3,78.8,0.219,0.785,2,0.975,1
0.764,0.486,0.31,0.741,26.5,72.7,0.5,0.741,1,0.956,1
0.507,0.126,0.503,0.524,17.2,45.5,0.289,0.863,1,0.989,1
0.302,0.533,0.796,0.945,13.9,21.0,0.482,0.616,0,0.858,1
0.507,0.696,0.739,0.271,20.6,12.1,0.339,0.663,2,0.992,1
0.227,0.207,0.646,0.609,24.8,32.2,0.499,0.867,2,0.989,1
0.259,0.36,0.156,0.935,17.2,23.2,0.534,0.599,1,0.637,0
0.549,0.458,0.547,0.923,56.8,44.1,0.44,0.791,0,0.982,1
0.477,0.928,0.087,0.325,12.6,82.2,0.725,0.604,0,0.576,0
0.923,0.994,0.377,0.493,33.6,49.7,0.935,0.592,1,0.96,1
0.426,0.14,0.414,0.695,23.8,75.9,0.52,0.832,0,0.963,1
0.623,0.785,0.04,0.328,53.5,56.0,0.354,0.422,1,0.96,1
0.669,0.435,0.274,0.974,17.5,41.4,0.417,0.537,3,0.922,1
0.112,0.453,0.956,0.932,15.6,72.9,0.883,0.457,1,0.933,1
0.697,0.779,0.954,0.334,46.3,41.1,0.657,0.551,3,0.999,1
0.26,0.927,0.352,0.297,10.7,74.1,0.564,0.461,4,0.894,1
0.965,0.956,0.043,0.268,55.5,26.2,0.32,0.706,0,0.976,1
0.234,0.619,0.179,0.928,6.1,12.7,0.56,0.859,1,0.331,0
0.473,0.421,0.392,0.355,31.6,73.0,0.423,0.851,3,0.994,1
0.177,0.809,0.948,0.533,45.0,50.8,0.955,0.555,0,0.98,1
0.997,0.326,0.141,0.559,41.0,75.8,0.907,0.992,0,0.99,1
0.552,0.608,0.764,0.679,22.5,79.8,0.267,0.716,2,0.984,0
0.636,0.423,0.109,0.257,16.6,6.5,0.613,0.58,1,0.955,1
0.16,0.691,0.981,0.381,41.9,43.6,0.38,0.885,0,0.993,1
0.775,0.316,0.382,0.945,28.9,33.1,0.529,0.811,2,0.977,1
0.289,0.272,0.775,0.927,7.7,53.9,0.901,0.824,2,0.954,1
0.908,0.926,0.343,0.825,40.3,67.9,0.622,0.437,3,0.967,1
0.285,0.192,0.628,0.216,17.0,25.3,0.467,0.628,1,0.993,1
0.272,0.555,0.192,0.462,8.8,48.2,0.366,0.903,2,0.849,1
0.133,0.299,0.146,0.702,6.9,60.8,0.84,0.653,0,0.545,0
0.525,0.135,0.938,0.42,14.1,13.2,0.7,0.778,1,0.998,1
0.608,0.132,0.918,0.928,28.0,69.6,0.574,0.712,0,0.993,1
0.159,0.258,0.887,0.707,18.6,52.3,0.374,0.89,0,0.974,1
0.798,0.88,0.625,0.258,30.5,80.8,0.467,0.499,1,0.989,1
0.508,0.354,0.808,0.927,38.2,30.2,0.968,0.703,1,0.99,1
0.572,0.955,0.069,0.966,43.9,11.0,0.616,0.386,0,0.522,1
0.497,0.623,0.335,0.262,26.8,44.0,0.521,0.783,1,0.974,1
0.461,0.493,0.314,0.626,11.7,9.1,0.617,0.812,0,0.826,1
0.604,0.622,0.636,0.443,32.9,82.5,0.823,0.33,1,0.987,1
0.24,0.565,0.356,0.514,14.1,5.2,0.472,0.773,0,0.801,1
0.264,0.783,0.149,0.344,19.1,64.5,0.343,0.59,0,0.664,1
0.876,0.354,0.596,0.662,37.6,45.6,0.668,0.387,0,0.993,1
0.952,0.418,0.814,0.966,30.3,32.6,0.732,0.594,3,0.997,1
0.436,0.905,0.382,0.602,48.3,7.5,0.77,0.436,0,0.899,1
0.344,0.952,0.132,0.266,10.7,53.6,0.906,0.591,2,0.715,1
0.68,0.903,0.197,0.696,33.7,50.6,0.497,0.569,1,0.836,0
0.468,0.478,0.237,0.472,11.8,25.3,0.26,0.817,0,0.865,1
0.123,0.802,0.3,0.885,41.9,77.5,0.967,0.842,4,0.883,1
0.241,0.529,0.643,0.548,7.8,27.2,0.548,0.725,0,0.886,1
0.744,0.548,0.601,0.354,20.1,39.3,0.699,0.316,1,0.987,1
0.693,0.284,0.696,0.353,23.4,47.1,0.733,0.952,2,0.999,1
0.124,0.632,0.363,0.815,10.1,10.3,0.637,0.78,2,0.64,0
0.3,0.268,0.824,0.412,11.1,79.4,0.364,0.324,1,0.986,1
0.308,0.398,0.204,0.814,20.9,33.1,0.804,0.873,2,0.852,1
0.705,0.87,0.469,0.365,26.4,8.7,0.843,0.44,0,0.943,1
0.118,0.286,0.801,0.457,3.5,34.1,0.642,0.705,3,0.986,1
0.194,0.164,0.18,0.572,10.6,51.8,0.591,0.627,2,0.901,0
0.82,0.162,0.11,0.955,45.4,44.6,0.291,0.594,2,0.985,1
0.261,0.947,0.884,0.945,24.1,59.6,0.267,0.923,3,0.924,1
0.687,0.556,0.343,0.365,36.5,6.6,0.472,0.606,1,0.987,1
0.314,0.468,0.684,0.487,25.8,25.6,0.449,0.353,2,0.985,1
0.189,0.83,0.025,0.32,10.3,70.0,0.963,0.963,0,0.483,1
0.319,0.852,0.69,0.608,9.5,8.6,0.827,0.944,3,0.935,1
0.75,0.399,0.316,0.568,23.5,73.0,0.728,0.779,2,0.984,1
0.87,0.724,0.056,0.921,48.5,9.6,0.614,0.628,2,0.934,1
0.847,0.794,0.61,0.944,80.2,71.3,0.334,0.365,0,0.993,1
0.457,0.689,0.241,0.507,21.7,31.9,0.983,0.854,2,0.918,1
0.701,0.236,0.387,0.593,17.7,52.8,0.5,0.353,2,0.984,1
0.284,0.888,0.081,0.917,9.4,14.7,0.286,0.348,1,0.169,0
0.364,0.585,0.147,0.845,14.9,7.5,0.595,0.676,1,0.57,0
0.907,0.354,0.298,0.203,35.6,19.9,0.899,0.412,1,0.996,1
0.112,0.483,0.09,0.456,4.0,12.6,0.91,0.305,1,0.52,1
0.177,0.134,0.911,0.537,47.5,27.9,0.209,0.596,0,0.997,1
0.287,0.215,0.006,0.384,14.0,44.7,0.909,0.396,3,0.93,1
0.124,0.789,0.484,0.36,39.7,50.9,0.417,0.412,1,0.937,1
0.263,0.1,0.123,0.23,29.3,67.6,0.231,0.354,2,0.982,1
0.625,0.475,0.308,0.715,36.7,56.5,0.878,0.444,1,0.961,1
0.479,0.57,0.926,0.41,26.0,52.5,0.891,0.801,3,0.998,1
0.903,0.149,0.162,0.242,37.4,36.2,0.677,0.866,5,1.0,1
0.836,0.976,0.966,0.385,36.1,41.3,0.66,0.617,2,0.997,1
0.408,0.304,0.206,0.842,25.1,36.4,0.85,0.655,1,0.876,1
0.333,0.374,0.742,0.881,20.4,71.9,0.829,0.323,1,0.954,1
0.442,0.374,0.547,0.586,75.5,21.1,0.912,0.349,1,0.998,1
0.631,0.307,0.884,0.533,35.5,2.5,0.642,0.48,0,0.997,1
0.341,0.101,0.554,0.982,31.0,56.1,0.974,0.681,0,0.957,1
0.662,0.756,0.535,0.36,47.4,18.8,0.997,0.818,2,0.996,1
0.468,0.97,0.195,0.372,15.4,75.9,0.293,0.724,1,0.741,1
0.597,0.302,0.166,0.433,16.2,73.3,0.88,0.574,2,0.968,1
0.493,0.697,0.916,0.338,22.2,8.4,0.6,0.383,5,0.998,1
0.365,0.768,0.328,0.503,20.0,10.8,0.51,0.847,4,0.952,1
0.954,0.864,0.372,0.929,50.3,43.1,0.69,0.555,0,0.943,1
0.787,0.48,0.76,0.692,28.5,52.6,0.245,0.815,0,0.99,1
0.226,0.373,0.339,0.53,18.3,24.8,0.605,0.659,2,0.94,1
0.882,0.393,0.952,0.948,33.3,61.5,0.897,0.817,2,0.998,1
0.539,0.741,0.738,0.239,14.1,51.4,0.371,0.935,2,0.992,1
0.905,0.835,0.597,0.368,37.0,29.0,0.541,0.945,1,0.995,1
0.82,0.263,0.881,0.653,46.9,4.1,0.952,0.675,1,0.999,1
0.483,0.434,0.05,0.692,14.6,64.3,0.543,0.658,2,0.822,1
0.12,0.912,0.257,0.232,16.5,19.8,0.487,0.486,1,0.688,1
0.342,0.826,0.465,0.522,22.1,71.3,0.552,0.955,4,0.966,1
0.587,0.986,0.227,0.719,17.4,36.9,0.616,0.621,0,0.499,1
0.67,0.779,0.744,0.758,18.7,49.9,0.706,0.389,3,0.976,1
0.332,0.454,0.919,0.711,67.0,74.5,0.841,0.603,6,1.0,1
0.225,0.632,0.424,0.456,13.1,73.7,0.562,0.389,4,0.943,0
0.851,0.695,0.342,0.275,25.2,32.8,0.854,0.652,2,0.989,1
0.986,0.171,0.962,0.542,27.5,19.3,0.627,0.693,2,1.0,1
0.573,0.59,0.445,0.303,30.8,66.3,0.471,0.536,1,0.984,1
0.255,0.738,0.489,0.958,20.5,37.9,0.726,0.35,2,0.743,0
0.345,0.251,0.352,0.58,24.1,17.9,0.774,0.96,2,0.978,1
0.117,0.803,0.91,0.454,4.3,77.1,0.646,0.841,2,0.946,1
0.923,0.625,0.569,0.813,56.7,18.4,0.245,0.887,2,0.997,1
0.206,0.957,0.762,0.598,12.5,4.1,0.336,0.557,2,0.867,1
0.619,0.138,0.812,0.448,21.1,3.7,0.428,0.833,0,0.997,1
0.347,0.339,0.342,0.85,18.0,53.7,0.426,0.64,1,0.857,1
0.599,0.641,0.434,0.894,22.4,56.9,0.739,0.441,0,0.816,1
0.686,0.367,0.848,0.738,47.0,27.8,0.215,0.387,1,0.998,1
0.847,0.743,0.363,0.238,60.9,28.6,0.805,0.542,2,0.998,1
0.286,0.783,0.794,0.653,12.6,30.2,0.412,0.396,1,0.888,1
0.11,0.192,0.941,0.811,32.7,58.5,0.448,0.999,1,0.991,1
0.223,0.562,0.623,0.309,28.4,6.8,0.622,0.334,2,0.982,1
0.91,0.558,0.742,0.383,62.8,79.1,0.373,0.609,2,1.0,1
0.887,0.432,0.805,0.906,26.4,20.5,0.908,0.616,2,0.994,1
0.638,0.94,0.845,0.216,28.8,85.0,0.268,0.51,0,0.987,1
0.64,0.845,0.395,0.802,20.8,16.2,0.556,0.7,1,0.817,1
0.699,0.727,0.051,0.579,43.5,66.0,0.88,0.405,2,0.944,1
0.258,0.743,0.402,0.557,6.5,20.5,0.693,0.849,3,0.858,1
0.923,0.516,0.674,0.206,35.6,8.7,0.434,0.533,1,0.999,1
0.477,0.929,0.45,0.856,18.1,74.6,0.537,0.714,3,0.822,0
0.445,0.725,0.749,0.488,17.0,73.3,0.765,0.801,2,0.979,1
0.567,0.756,0.357,0.633,29.7,35.5,0.979,0.922,0,0.894,1
0.142,0.876,0.635,0.742,32.2,60.3,0.915,0.885,2,0.902,1
0.25,0.347,0.186,0.762,20.3,48.2,0.474,0.726,1,0.8,0
0.764,0.826,0.749,0.965,47.9,72.8,0.999,0.572,2,0.987,1
0.175,0.276,0.546,0.625,9.0,28.1,0.203,0.652,2,0.947,1
0.643,0.411,0.204,0.52,27.1,45.5,0.222,0.838,0,0.953,1
0.321,0.402,0.292,0.963,17.0,42.3,0.859,0.914,0,0.644,1
0.45,0.981,0.749,0.714,11.4,31.4,0.36,0.373,2,0.871,1
0.36,0.871,0.483,0.439,21.2,76.0,0.249,0.569,2,0.92,1
0.42,0.731,0.216,0.301,26.8,15.8,0.39,0.843,2,0.954,1
0.747,0.754,0.967,0.874,32.1,14.4,0.541,0.602,2,0.992,1
0.367,0.606,0.715,0.49,29.2,49.9,0.784,0.533,4,0.994,1
0.61,0.952,0.957,0.728,28.0,56.6,0.699,0.588,1,0.973,1
0.528,0.547,0.427,0.577,14.2,18.2,0.39,0.722,1,0.93,0
0.697,0.442,0.475,0.359,19.3,34.4,0.603,1.0,1,0.991,1
0.943,0.247,0.898,0.681,37.2,80.6,0.941,0.645,3,1.0,1
0.759,0.808,0.525,0.249,23.8,22.5,0.852,0.446,0,0.971,1
0.293,0.761,0.707,0.531,8.6,57.5,0.459,0.414,2,0.916,1
0.128,0.446,0.252,0.637,11.6,63.4,0.986,0.33,0,0.587,0
0.336,0.123,0.447,0.549,20.5,39.2,0.767,0.691,1,0.979,1
0.636,0.855,0.123,0.799,21.9,79.8,0.25,0.681,2,0.722,1
0.146,0.11,0.206,0.862,22.8,63.1,0.228,0.444,2,0.887,1
0.547,0.733,0.001,0.817,29.2,40.0,0.335,0.787,4,0.859,1
0.637,0.973,0.039,0.231,22.0,49.3,0.782,0.819,2,0.9,1
0.401,0.494,0.977,0.355,31.1,59.5,0.347,0.481,1,0.996,1
0.794,0.311,0.242,0.629,35.5,51.2,0.609,0.541,3,0.993,1
0.196,0.734,0.663,0.948,20.1,74.9,0.275,0.993,2,0.831,1
0.168,0.835,0.839,0.868,16.3,31.6,0.937,0.562,4,0.933,1
0.755,0.592,0.551,0.874,19.1,26.9,0.475,0.833,0,0.917,1
0.546,0.97,0.153,0.443,31.5,19.7,0.927,0.617,1,0.832,1
0.72,0.147,0.728,0.544,25.1,5.1,0.956,0.855,4,0.999,1
0.491,0.554,0.6,0.577,55.2,5.6,0.205,0.838,0,0.992,1
0.322,0.747,0.731,0.326,33.6,74.2,0.571,0.767,1,0.987,1
0.837,0.876,0.77,0.225,34.2,58.3,0.22,0.898,1,0.997,1
0.819,0.261,0.975,0.958,24.8,56.8,0.927,0.957,3,0.998,1
0.725,0.82,0.574,0.393,21.5,53.0,0.615,0.706,1,0.976,1
0.345,0.597,0.342,0.392,14.9,72.5,0.26,0.466,1,0.886,1
0.631,0.457,0.648,0.267,25.5,41.9,0.288,0.579,2,0.997,1
0.425,0.219,0.068,0.943,15.9,74.2,0.507,0.831,3,0.861,1
0.182,0.879,0.897,0.664,15.4,31.8,0.952,0.756,0,0.856,0
0.926,0.242,0.119,0.734,25.9,78.9,0.754,0.424,1,0.968,1
0.223,0.379,0.328,0.929,62.6,60.0,0.894,0.336,3,0.983,1
0.955,0.361,0.816,0.476,25.6,23.3,0.493,0.778,0,0.998,1
0.501,0.884,0.597,0.697,52.8,48.8,0.235,0.476,1,0.972,1
0.267,0.705,0.394,0.231,43.4,46.2,0.979,0.65,1,0.978,1
0.588,0.817,0.473,0.349,25.9,13.4,0.214,0.823,0,0.956,1
0.886,0.325,0.855,0.865,41.5,51.1,0.958,0.694,1,0.998,1
0.759,0.662,0.34,0.813,27.6,28.1,0.495,0.358,2,0.94,1
0.826,0.615,0.87,0.481,35.6,6.3,0.208,0.43,3,0.999,1
0.693,0.85,0.088,0.501,23.6,80.7,0.751,0.454,2,0.859,1
0.723,0.915,0.777,0.627,23.5,55.2,0.984,0.481,3,0.985,1
0.864,0.111,0.848,0.2,34.6,74.8,0.973,0.696,0,1.0,1
0.325,0.707,0.182,0.393,18.5,58.1,0.329,0.653,2,0.865,1
0.54,0.147,0.43,0.367,26.5,31.6,0.345,0.442,3,0.996,1
0.299,0.594,0.165,0.4,12.5,44.6,0.652,0.347,0,0.665,1
0.989,0.359,0.707,0.845,31.6,58.1,0.71,0.42,3,0.998,1
0.95,0.376,0.535,0.424,25.1,81.7,0.792,0.989,2,0.998,1
0.135,0.418,0.635,0.353,4.2,23.1,0.345,0.628,2,0.962,1
0.735,0.659,0.196,0.603,22.8,74.6,0.967,0.907,5,0.982,1
0.933,0.401,0.212,0.893,24.5,78.7,0.711,0.894,2,0.963,1
0.263,0.759,0.041,0.393,8.2,57.6,0.878,0.658,1,0.537,1
0.611,0.464,0.322,0.263,40.4,79.3,0.632,0.795,2,0.996,1
0.924,0.162,0.56,0.485,23.7,35.0,0.531,0.435,6,1.0,1
0.131,0.805,0.858,0.798,19.4,81.1,0.982,0.782,1,0.873,1
0.728,0.357,0.667,0.641,23.0,60.3,0.666,0.491,2,0.993,1
0.368,0.489,0.435,0.853,40.0,5.5,0.893,0.882,0,0.921,1
0.932,0.717,0.953,0.968,33.3,77.3,0.963,0.359,5,0.998,1
0.974,0.399,0.719,0.834,29.8,42.2,0.74,0.841,3,0.997,1
0.95,0.151,0.93,0.683,34.7,40.2,0.639,0.37,5,1.0,1
0.527,0.437,0.528,0.595,20.4,49.0,0.203,0.917,2,0.983,1
0.876,0.95,0.259,0.232,34.4,14.4,0.232,0.513,0,0.956,1
0.86,0.678,0.053,0.987,23.3,40.9,0.361,0.758,0,0.624,1
0.387,0.704,0.726,0.507,96.8,71.0,0.349,0.641,1,0.999,1
0.846,0.669,0.121,0.322,29.5,3.3,0.404,0.556,1,0.965,1
0.133,0.279,0.303,0.733,9.8,24.7,0.444,0.752,3,0.889,0
0.637,0.477,0.532,0.427,34.5,2.2,0.488,0.963,1,0.994,1
0.307,0.776,0.564,0.669,14.5,36.5,0.536,0.329,2,0.854,1
0.209,0.191,0.601,0.669,32.1,62.5,0.279,0.943,3,0.993,1
0.169,0.35,0.166,0.557,13.3,68.3,0.234,0.726,1,0.801,0
0.727,0.349,0.38,0.869,37.2,80.5,0.739,0.865,1,0.978,1
0.406,0.489,0.617,0.412,11.9,52.5,0.63,0.569,4,0.99,1
0.752,0.982,0.97,0.559,46.9,23.1,0.555,0.63,2,0.997,1
0.159,0.161,0.728,0.63,23.9,78.7,0.708,0.908,2,0.991,1
0.384,0.567,0.923,0.731,13.2,66.4,0.862,0.59,2,0.976,1
0.586,0.261,0.762,0.827,17.0,49.7,0.542,0.674,3,0.993,1
0.812,0.974,0.592,0.516,26.0,59.7,0.713,0.314,1,0.956,1
0.387,0.202,0.192,0.717,65.7,78.7,0.963,0.411,0,0.983,1
0.663,0.463,0.667,0.32,21.0,61.1,0.872,0.749,0,0.992,1
0.897,0.764,0.623,0.946,31.6,32.6,0.541,0.802,4,0.989,1
0.654,0.734,0.602,0.506,16.8,61.2,0.716,0.708,2,0.976,1
0.31,0.48,0.49,0.784,15.3,5.3,0.342,0.4,2,0.898,1
0.122,0.412,0.529,0.216,15.8,34.1,0.648,0.612,1,0.968,1
0.883,0.458,0.334,0.364,68.0,35.7,0.985,0.549,2,0.999,1
0.119,0.338,0.519,0.59,13.9,15.8,0.615,0.647,1,0.918,1
0.887,0.285,0.198,0.903,47.8,3.9,0.942,0.909,1,0.985,1
0.576,0.535,0.805,0.622,26.3,13.1,0.526,0.843,1,0.99,1
0.945,0.342,0.186,0.944,24.3,56.3,0.999,0.359,1,0.94,1
0.819,0.359,0.085,0.587,26.1,68.6,0.663,0.923,0,0.951,1
0.998,0.691,0.436,0.592,37.8,84.0,0.234,0.63,1,0.988,1
0.416,0.972,0.658,0.296,55.5,30.7,0.669,0.821,1,0.992,1
0.79,0.643,0.438,0.842,49.2,51.7,0.42,0.398,2,0.986,1
0.462,0.169,0.277,0.398,15.4,79.8,0.226,0.77,1,0.976,1
0.532,0.168,0.558,0.92,17.0,15.9,0.857,0.465,3,0.983,1
0.665,0.956,0.347,0.929,20.0,61.6,0.421,0.607,2,0.734,0
0.886,0.368,0.933,0.955,60.5,64.7,0.837,0.312,3,1.0,1
0.986,0.183,0.923,0.616,53.4,9.4,0.431,0.406,2,1.0,1
0.791,0.639,0.502,0.742,42.2,73.5,0.355,0.364,4,0.994,1
0.476,0.661,0.328,0.823,19.4,69.5,0.979,0.468,0,0.69,0
0.479,0.684,0.737,0.305,22.5,4.8,0.489,0.37,3,0.992,1
0.764,0.341,0.037,0.681,28.5,9.6,0.681,0.784,4,0.983,1
0.315,0.114,0.475,0.227,12.3,6.1,0.688,0.32,2,0.988,1
0.199,0.969,0.336,0.598,15.5,29.8,0.648,0.732,5,0.857,1
0.419,0.326,0.921,0.324,10.9,44.3,0.932,0.398,2,0.995,1
0.359,0.708,0.012,0.346,11.1,46.2,0.74,0.962,1,0.734,1
0.367,0.736,0.553,0.492,41.8,24.2,0.523,0.953,2,0.986,1
0.31,0.649,0.741,0.546,28.7,77.7,0.89,0.458,3,0.986,1
0.138,0.382,0.485,0.699,11.7,32.6,0.345,0.73,0,0.805,1
0.116,0.344,0.085,0.26,13.8,5.8,0.635,0.32,1,0.815,1
0.989,0.638,0.972,0.603,31.7,26.9,0.96,0.952,1,0.998,1
0.485,0.879,0.518,0.346,32.4,46.1,0.7,0.666,1,0.967,1
0.446,0.952,0.614,0.659,34.1,35.9,0.854,0.33,2,0.941,1
0.712,0.195,0.237,0.71,39.4,24.7,0.723,0.54,4,0.996,1
0.296,0.239,0.483,0.645,26.6,12.9,0.871,0.354,4,0.989,1
0.955,0.95,0.429,0.791,27.3,70.0,0.956,0.575,3,0.961,1
0.808,0.763,0.075,0.468,26.4,84.7,0.418,0.769,2,0.942,1
0.18,0.895,0.106,0.812,14.0,29.4,0.336,0.629,6,0.689,1
0.476,0.282,0.837,0.546,17.9,33.7,0.587,0.569,4,0.998,1
0.891,0.629,0.24,0.587,43.4,53.3,0.761,0.383,0,0.968,1
0.95,0.731,0.195,0.718,29.7,61.6,0.382,0.471,1,0.925,1
0.521,0.712,0.505,0.215,15.2,34.5,0.203,0.37,1,0.957,1
0.652,0.467,0.769,0.723,23.9,77.1,0.474,0.865,2,0.992,1
0.25,0.114,0.062,0.695,64.9,48.5,0.975,0.395,1,0.981,1
0.992,0.625,0.577,0.448,28.6,39.4,0.756,0.717,0,0.991,1
0.309,0.328,0.119,0.269,21.9,55.7,0.521,0.54,0,0.913,0
0.948,0.505,0.036,0.273,32.2,81.1,0.354,0.458,1,0.981,1
0.685,0.962,0.053,0.939,18.2,67.9,0.485,0.748,1,0.381,1
0.647,0.459,0.834,0.751,26.2,5.3,0.336,0.62,0,0.985,0
0.561,0.856,0.118,0.302,32.2,29.6,0.285,0.58,1,0.906,1
0.308,0.27,0.045,0.485,18.5,41.1,0.925,0.715,2,0.919,1
0.259,0.705,0.438,0.674,37.3,28.1,0.998,0.644,2,0.937,1
0.298,0.979,0.844,0.868,12.6,60.1,0.331,0.512,2,0.826,1
0.268,0.192,0.262,0.235,8.0,70.6,0.244,0.691,0,0.939,1
0.802,0.107,0.422,0.389,61.4,62.7,0.464,0.769,2,1.0,1
0.415,0.49,0.04,0.912,17.5,84.1,0.569,0.319,2,0.646,0
0.152,0.183,0.449,0.207,16.7,24.6,0.364,0.626,2,0.987,1
0.972,0.774,0.578,0.361,47.9,74.6,0.441,0.34,1,0.996,1
0.895,0.923,0.571,0.967,28.3,65.6,0.361,0.43,2,0.941,1
0.935,0.491,0.332,0.691,42.3,32.1,0.819,0.692,3,0.995,1
0.995,0.333,0.316,0.409,27.1,62.9,0.77,0.906,1,0.995,1
0.257,0.491,0.107,0.254,11.6,10.6,0.708,0.918,2,0.92,1
0.457,0.751,0.367,0.223,13.8,67.5,0.51,0.349,0,0.861,1
0.782,0.108,0.099,0.396,44.6,46.2,0.927,0.593,3,0.998,1
0.726,0.631,0.767,0.905,21.9,26.3,0.976,0.708,1,0.968,1
0.239,0.652,0.966,0.533,24.9,56.4,0.339,0.403,4,0.994,1
0.834,0.674,0.97,0.776,63.9,55.3,0.378,0.836,2,0.999,1
0.302,0.318,0.865,0.935,18.8,19.4,0.621,0.821,2,0.978,1
0.301,0.743,0.601,0.526,19.2,4.5,0.273,0.932,1,0.931,1
0.583,0.182,0.701,0.353,23.9,38.0,0.549,0.306,1,0.996,1
0.634,0.279,0.285,0.614,21.8,49.3,0.665,0.452,2,0.975,1
0.622,0.89,0.631,0.926,25.2,74.8,0.618,0.879,3,0.943,1
0.182,0.765,0.456,0.843,18.4,79.0,0.465,0.769,1,0.639,0
0.89,0.112,0.482,0.253,86.3,45.9,0.634,0.926,3,1.0,1
0.339,0.324,0.758,0.754,50.1,64.6,0.967,0.34,2,0.996,1
0.217,0.293,0.282,0.658,35.1,38.5,0.365,0.718,2,0.963,1
0.9,0.344,0.318,0.926,55.5,63.9,0.724,0.698,1,0.991,1
0.96,0.323,0.925,0.298,33.5,19.0,0.235,0.325,2,1.0,1
0.876,0.156,0.056,0.627,38.0,32.8,0.253,0.659,1,0.987,1
0.829,0.513,0.486,0.904,54.5,54.6,0.641,0.727,2,0.994,1
0.69,0.759,0.913,0.528,24.7,3.5,0.284,0.434,3,0.995,1
0.596,0.646,0.61,0.586,63.9,62.0,0.218,0.491,2,0.997,1
0.178,0.706,0.546,0.256,12.5,71.3,0.337,0.748,1,0.93,1
0.468,0.173,0.25,0.423,25.5,35.1,0.652,0.628,1,0.98,1
0.435,0.956,0.343,0.46,29.4,39.2,0.763,0.901,0,0.846,1
0.334,0.855,0.852,0.956,53.5,72.7,0.362,0.54,0,0.955,0
0.751,0.825,0.559,0.426,23.0,66.4,0.735,0.487,2,0.98,1
0.546,0.841,0.515,0.569,34.2,25.9,0.346,0.989,1,0.963,1
0.173,0.939,0.1,0.737,15.4,28.9,0.691,0.938,2,0.36,0
0.298,0.59,0.016,0.33,12.1,58.3,0.53,0.32,2,0.751,1
0.715,0.28,0.964,0.589,40.4,48.7,0.723,0.84,0,0.999,1
0.169,0.655,0.377,0.791,16.3,15.5,0.996,0.377,2,0.716,1
0.866,0.769,0.603,0.893,37.9,27.7,0.95,0.319,2,0.981,1
0.546,0.764,0.08,0.701,19.5,76.7,0.203,0.492,1,0.633,1
0.533,0.569,0.683,0.735,23.2,59.1,0.908,0.489,1,0.964,1
0.633,0.162,0.933,0.301,30.2,83.8,0.253,0.874,1,0.999,1
0.842,0.434,0.576,0.957,28.8,65.7,0.962,0.797,3,0.99,1
0.413,0.929,0.126,0.306,13.6,80.2,0.425,0.987,1,0.766,1
0.71,0.626,0.582,0.82,66.7,19.9,0.506,0.798,2,0.996,1
0.609,0.584,0.766,0.412,26.0,66.0,0.273,0.593,0,0.988,1
0.34,0.342,0.406,0.947,28.4,3.7,0.29,0.789,0,0.862,0
0.891,0.432,0.88,0.776,30.2,57.7,0.781,1.0,0,0.995,1
0.818,0.906,0.649,0.803,27.0,41.0,0.955,0.797,3,0.978,1
0.693,0.7,0.899,0.375,25.2,30.8,0.689,0.833,0,0.994,1
0.866,0.809,0.624,0.554,29.5,73.6,0.773,0.957,0,0.981,1
0.881,0.509,0.131,0.694,33.8,72.9,0.81,0.38,2,0.968,0
0.738,0.667,0.31,0.816,30.2,3.9,0.41,0.793,0,0.883,0
0.853,0.324,0.202,0.283,31.6,52.6,0.236,0.896,0,0.992,1
0.728,0.735,0.909,0.97,20.4,32.5,0.201,0.968,1,0.965,1
0.712,0.485,0.76,0.912,28.1,36.5,0.481,0.448,1,0.982,1
0.657,0.498,0.676,0.416,19.2,71.1,0.393,0.653,0,0.985,1
0.777,0.684,0.301,0.858,21.5,27.7,0.25,0.776,0,0.812,1
0.243,0.943,0.184,0.615,46.5,80.3,0.344,0.473,3,0.88,1
0.893,0.158,0.756,0.569,36.3,16.9,0.3,0.72,1,0.999,1
0.885,0.842,0.474,0.452,38.3,57.0,0.932,0.48,1,0.984,1
0.126,0.363,0.226,0.665,10.9,57.8,0.312,0.533,0,0.622,1
0.843,0.5,0.617,0.784,57.0,22.9,0.63,0.609,3,0.998,1
0.216,0.12,0.04,0.529,20.6,29.0,0.674,0.67,1,0.898,1
0.402,0.371,0.326,0.703,32.0,71.3,0.635,0.615,3,0.976,1
0.769,0.552,0.469,0.759,26.1,65.2,0.279,0.645,2,0.976,1
0.245,0.151,0.148,0.769,54.4,29.3,0.455,0.509,2,0.979,1
0.836,0.542,0.985,0.242,46.7,46.3,0.241,0.411,0,0.999,1
0.849,0.934,0.209,0.888,50.1,7.1,0.517,0.333,1,0.903,0
0.557,0.195,0.13,0.567,16.8,19.3,0.351,0.437,1,0.934,1
0.106,0.788,0.204,0.41,7.4,42.3,0.649,0.707,0,0.447,0
0.358,0.469,0.769,0.393,14.0,9.1,0.754,0.85,5,0.997,1
0.655,0.69,0.426,0.586,21.1,72.0,0.626,0.418,0,0.9,1
0.983,0.334,0.565,0.909,53.6,61.6,0.547,0.376,4,0.999,1
0.669,0.244,0.021,0.503,17.2,80.3,0.51,0.825,0,0.923,1
0.334,0.244,0.034,0.8,9.5,59.6,0.873,0.514,0,0.563,0
0.671,0.163,0.446,0.277,21.6,80.1,0.375,0.966,0,0.995,1
0.586,0.267,0.817,0.581,18.0,48.0,0.787,0.8,0,0.992,1
0.802,0.698,0.885,0.993,24.0,51.8,0.806,0.529,1,0.974,1
0.196,0.894,0.087,0.816,28.9,83.1,0.535,0.503,0,0.282,0
0.785,0.833,0.538,0.368,32.0,55.3,0.438,0.667,1,0.986,1
0.587,0.717,0.913,0.601,14.8,4.6,0.576,0.355,1,0.975,1
0.967,0.199,0.388,0.387,32.6,62.1,0.275,0.382,2,0.998,1
0.408,0.36,0.83,0.528,18.1,77.2,0.237,0.423,0,0.982,1
0.669,0.379,0.134,0.824,18.5,68.0,0.289,0.842,3,0.937,1
0.939,0.325,0.935,0.817,40.4,50.5,0.35,0.66,3,0.999,1
0.192,0.564,0.751,0.382,23.0,57.7,0.603,0.307,3,0.986,1
0.944,0.582,0.941,0.938,42.7,84.2,0.879,0.771,1,0.996,1
0.719,0.421,0.677,0.674,37.5,9.5,0.389,0.597,0,0.991,1
0.161,0.418,0.363,0.504,4.0,57.4,0.948,0.658,1,0.818,1
0.371,0.846,0.938,0.602,55.4,25.5,0.964,0.45,2,0.995,1
0.737,0.81,0.276,0.684,43.7,55.1,0.967,0.686,2,0.965,1
0.161,0.377,0.332,0.648,39.2,52.4,0.87,0.985,1,0.953,1
0.624,0.922,0.701,0.589,15.8,14.7,0.491,0.351,1,0.922,1
0.411,0.958,0.765,0.604,51.0,19.2,0.258,0.499,1,0.98,1
0.659,0.394,0.929,0.341,41.4,53.6,0.655,0.47,3,1.0,1
0.141,0.419,0.205,0.85,30.8,12.6,0.647,0.474,1,0.761,0
0.884,0.555,0.798,0.633,23.6,24.0,0.88,0.565,1,0.993,1
0.976,0.947,0.739,0.305,44.5,71.3,0.997,0.873,1,0.998,1
0.972,0.889,0.064,0.813,72.6,29.1,0.607,0.939,2,0.983,1
0.775,0.192,0.387,0.946,36.4,42.5,0.476,0.442,0,0.975,1
0.217,0.453,0.283,0.958,18.1,80.1,0.349,0.68,2,0.732,1
0.782,0.598,0.304,0.495,63.2,20.9,0.204,0.746,4,0.999,1
0.122,0.553,0.983,0.308,11.8,34.3,0.607,0.665,1,0.985,1
0.12,0.274,0.643,0.615,16.7,52.3,0.644,0.604,2,0.97,1
0.391,0.873,0.718,0.29,19.5,64.7,0.86,0.434,1,0.958,1
0.54,0.709,0.977,0.947,54.0,76.8,0.604,0.642,0,0.989,1
0.793,0.854,0.377,0.347,21.0,78.0,0.933,0.581,5,0.991,1
0.715,0.873,0.802,0.402,28.3,66.5,0.702,0.857,0,0.987,1
0.501,0.774,0.435,0.525,30.0,21.0,0.872,0.835,0,0.924,1
0.346,0.495,0.87,0.507,32.2,4.1,0.319,0.394,2,0.994,1
0.997,0.649,0.181,0.836,38.1,33.9,0.884,0.362,3,0.976,1
0.484,0.244,0.948,0.565,48.0,13.7,0.74,0.936,2,0.999,1
0.506,0.706,0.219,0.337,55.4,61.0,0.336,0.675,1,0.983,1
0.247,0.261,0.326,0.414,7.2,56.9,0.352,0.9,0,0.909,1
0.815,0.725,0.756,0.607,28.1,5.6,0.941,0.341,1,0.987,1
0.724,0.307,0.394,0.318,18.5,71.4,0.226,0.669,2,0.994,1
0.299,0.206,0.608,0.689,13.5,22.6,0.57,0.678,2,0.975,1
0.174,0.249,0.445,0.653,15.9,37.9,0.451,0.902,1,0.931,1
0.712,0.102,0.742,0.772,54.1,57.4,0.732,0.368,3,0.999,1
0.689,0.747,0.228,0.95,45.3,37.6,0.872,0.468,1,0.889,1
0.346,0.759,0.058,0.93,10.7,38.6,0.488,0.585,1,0.255,0
0.956,0.563,0.3,0.957,25.4,7.4,0.542,0.906,0,0.897,1
0.236,0.245,0.474,0.396,19.2,35.3,0.986,0.957,3,0.991,1
0.489,0.175,0.168,0.305,23.6,65.5,0.827,0.995,6,0.998,1
0.949,0.117,0.355,0.442,28.4,78.0,0.918,0.971,4,0.999,1
0.478,0.249,0.4,0.916,46.4,36.3,0.551,0.304,2,0.985,1
0.675,0.902,0.057,0.978,56.2,37.2,0.387,0.333,1,0.81,1
0.458,0.317,0.583,0.887,19.2,60.3,0.529,0.403,0,0.923,1
0.347,0.419,0.884,0.288,41.8,80.3,0.773,0.544,0,0.997,1
0.986,0.195,0.152,0.958,31.9,24.2,0.288,0.881,2,0.981,1
0.468,0.3,0.598,0.539,31.7,38.5,0.416,0.925,4,0.998,1
0.905,0.567,0.665,0.207,32.3,68.1,0.237,0.431,1,0.998,1
0.307,0.647,0.419,0.554,9.6,52.6,0.546,0.734,2,0.876,0
0.292,0.321,0.701,0.237,46.7,11.2,0.862,0.942,1,0.999,1
0.128,0.152,0.411,0.635,12.3,54.1,0.22,0.625,2,0.942,1
0.687,0.452,0.505,0.471,37.1,17.5,0.74,0.372,0,0.987,1
0.432,0.311,0.007,0.579,17.7,44.3,0.946,0.62,0,0.784,1
0.878,0.298,0.692,0.691,22.2,45.9,0.39,0.563,3,0.997,1
0.526,0.964,0.661,0.895,14.7,74.7,0.755,0.704,0,0.689,1
0.971,0.655,0.038,0.73,34.6,40.4,0.98,0.607,2,0.949,1
0.267,0.601,0.368,0.547,24.2,25.2,0.97,0.312,2,0.907,1
0.882,0.474,0.979,0.856,28.2,21.2,0.388,0.996,1,0.996,1
0.799,0.486,0.421,0.924,37.8,74.6,0.28,0.68,2,0.981,1
0.794,0.587,0.502,0.296,37.8,16.2,0.319,0.632,0,0.993,1
0.86,0.727,0.91,0.626,39.8,37.3,0.762,0.968,3,0.999,1
0.785,0.732,0.717,0.428,29.8,17.5,0.781,0.409,5,0.998,1
0.664,0.255,0.582,0.238,53.5,66.2,0.739,0.432,3,1.0,1
0.218,0.55,0.798,0.735,15.5,41.4,0.469,0.866,1,0.939,1
0.129,0.471,0.864,0.89,12.2,31.1,0.336,0.483,0,0.864,1
0.929,0.883,0.457,0.33,26.6,32.0,0.665,0.859,2,0.99,1
0.655,0.668,0.475,0.85,21.9,72.7,0.587,0.49,0,0.858,1
0.817,0.579,0.386,0.883,21.1,48.0,0.783,0.323,0,0.881,0
0.533,0.204,0.967,0.931,28.4,61.6,0.553,0.662,2,0.996,1
0.206,0.645,0.697,0.412,9.4,76.5,0.471,0.438,0,0.886,0
0.213,0.205,0.083,0.923,10.8,76.8,0.435,0.83,2,0.689,1
0.717,0.403,0.863,0.457,40.0,29.3,0.369,0.749,3,0.999,1
0.487,0.229,0.481,0.642,18.1,81.1,0.413,0.947,1,0.977,1
0.28,0.723,0.069,0.24,11.2,4.1,0.276,0.848,1,0.772,1
0.542,0.286,0.55,0.235,16.3,33.3,0.477,0.427,3,0.996,1
0.158,0.453,0.417,0.776,26.3,76.4,0.229,0.86,1,0.875,1
0.624,0.906,0.878,0.556,17.7,24.8,0.349,0.749,4,0.992,1
0.342,0.284,0.204,0.405,17.6,24.7,0.797,0.768,1,0.947,1
0.818,0.557,0.826,0.352,31.1,27.1,0.46,0.883,7,1.0,1
0.379,0.477,0.558,0.736,26.9,52.8,0.735,0.702,2,0.968,1
0.51,0.116,0.055,0.2,27.8,38.4,0.774,0.626,4,0.996,1
0.11,0.813,0.972,0.845,27.7,62.3,0.665,0.746,2,0.948,1
0.165,0.162,0.513,0.263,4.8,76.3,0.967,0.509,0,0.952,1
0.453,0.527,0.291,0.353,16.6,58.0,0.217,0.428,4,0.976,1
0.532,0.605,0.469,0.509,18.2,19.0,0.791,0.732,1,0.952,1
0.64,0.666,0.858,0.588,18.4,79.4,0.967,0.464,1,0.983,1
0.362,0.72,0.305,0.484,14.2,24.0,0.89,0.356,5,0.944,1
0.725,0.328,0.193,0.457,23.7,14.4,0.334,0.3,0,0.954,1
0.874,0.109,0.129,0.971,32.9,9.5,0.461,0.726,1,0.969,1
0.802,0.751,0.298,0.713,36.4,48.8,0.338,0.554,0,0.919,0
0.136,0.582,0.78,0.219,10.6,11.4,0.681,0.827,1,0.978,1
0.532,0.853,0.472,0.544,32.4,13.5,0.77,0.563,1,0.939,0
0.194,0.839,0.227,0.9,11.0,26.9,0.454,0.64,5,0.648,1
0.318,0.859,0.166,0.441,13.1,25.4,0.632,0.585,2,0.703,0
0.988,0.537,0.333,0.276,36.4,52.2,0.753,0.755,4,0.999,1
0.228,0.4,0.94,0.807,6.1,69.8,0.537,0.549,1,0.948,1
0.549,0.812,0.343,0.685,15.0,65.2,0.883,0.975,3,0.898,0
0.656,0.506,0.988,0.656,24.5,23.8,0.817,0.955,0,0.993,1
0.732,0.265,0.485,0.243,61.3,22.4,0.252,0.894,0,0.999,1
0.604,0.869,0.179,0.312,34.3,82.2,0.697,0.944,3,0.978,1
0.109,0.894,0.891,0.698,4.1,2.7,0.388,0.614,2,0.831,1
0.394,0.52,0.46,0.366,37.9,75.0,0.646,0.676,0,0.979,1
0.566,0.168,0.71,0.603,33.9,18.6,0.966,0.819,3,0.999,1
0.179,0.449,0.984,0.636,18.6,80.6,0.903,0.787,2,0.988,1
0.416,0.823,0.05,0.427,36.1,30.4,0.524,0.923,2,0.908,1
0.13,0.912,0.097,0.959,11.0,38.5,0.433,0.801,2,0.17,0
0.171,0.283,0.72,0.874,8.0,60.7,0.388,0.999,3,0.959,1
0.457,0.16,0.282,0.778,22.2,50.8,0.626,0.544,1,0.942,1
0.219,0.89,0.184,0.262,17.4,28.4,0.291,0.883,1,0.777,1
0.611,0.45,0.039,0.285,26.9,48.0,0.639,0.788,4,0.989,1
0.721,0.588,0.022,0.594,30.5,62.6,0.201,0.784,1,0.911,1
0.821,0.971,0.774,0.329,65.1,5.5,0.459,0.528,3,0.999,1
0.28,0.16,0.134,0.983,41.9,2.9,0.376,0.85,4,0.969,1
0.251,0.683,0.468,0.327,37.5,40.0,0.977,0.93,1,0.978,1
0.194,0.167,0.606,0.59,29.1,12.9,0.782,0.453,2,0.989,1
0.673,0.438,0.428,0.491,59.9,57.1,0.48,0.738,2,0.998,1
0.736,0.823,0.027,0.712,20.0,19.8,0.274,0.574,0,0.571,0
0.128,0.49,0.784,0.303,7.8,37.9,0.613,0.993,1,0.978,1
0.943,0.997,0.011,0.544,33.8,18.4,0.371,0.635,1,0.863,0
0.147,0.603,0.762,0.42,31.8,47.5,0.629,0.46,0,0.967,1
0.587,0.389,0.893,0.91,25.2,11.6,0.868,0.567,1,0.987,1
0.738,0.298,0.433,0.232,39.1,3.9,0.693,0.758,2,0.999,1
0.884,0.415,0.536,0.931,24.3,6.2,0.707,0.353,1,0.974,1
0.743,0.435,0.477,0.866,22.9,81.2,0.633,0.723,4,0.988,1
0.822,0.162,0.389,0.438,40.3,13.8,0.942,0.952,2,0.999,1
0.406,0.433,0.887,0.831,12.8,60.8,0.946,0.895,1,0.969,1
0.833,0.518,0.894,0.225,27.3,7.6,0.61,0.347,2,0.999,1
0.172,0.75,0.336,0.973,8.9,11.0,0.445,0.995,1,0.33,0
0.905,0.691,0.615,0.621,29.1,44.2,0.568,0.789,2,0.992,1
0.593,0.738,0.927,0.443,33.3,40.6,0.349,0.414,0,0.99,1
0.836,0.108,0.962,0.49,27.8,81.0,0.709,0.309,3,1.0,1
0.507,0.296,0.509,0.253,24.8,80.4,0.6,0.42,0,0.987,1
0.679,0.696,0.453,0.991,18.6,66.7,0.283,0.887,0,0.76,1
0.574,0.536,0.279,0.231,38.9,52.0,0.358,0.315,1,0.983,1
0.758,0.105,0.959,0.724,25.9,39.8,0.584,0.463,2,0.999,1
0.173,0.824,0.143,0.554,20.0,31.6,0.91,0.83,1,0.577,0
0.154,0.796,0.58,0.959,23.2,80.6,0.653,0.71,2,0.753,1
0.322,0.594,0.283,0.397,11.6,52.0,0.745,0.848,1,0.877,1
0.244,0.16,0.279,0.626,38.5,50.1,0.471,0.822,0,0.962,1
0.885,0.79,0.405,0.586,36.5,21.2,0.657,0.335,0,0.958,1
0.297,0.625,0.999,0.762,15.8,5.9,0.558,0.925,1,0.966,1
0.978,0.804,0.055,0.254,27.5,80.5,0.727,0.459,2,0.968,1
0.403,0.777,0.579,0.355,52.9,28.0,0.24,0.687,2,0.994,1
0.264,0.823,0.083,0.372,27.7,38.7,0.595,0.751,2,0.836,1
0.811,0.566,0.155,0.791,23.8,11.5,0.437,0.418,1,0.882,0
0.693,0.226,0.44,0.351,23.5,71.5,0.461,0.983,1,0.996,1
0.548,0.704,0.51,0.659,38.6,4.3,0.969,0.642,1,0.967,1
0.6,0.658,0.259,0.372,32.8,71.2,0.346,0.34,0,0.934,1
0.747,0.768,0.316,0.889,40.5,13.6,0.449,0.956,0,0.888,1
0.306,0.253,0.087,0.954,16.4,75.6,0.608,0.71,0,0.567,0
0.997,0.275,0.303,0.615,43.8,62.6,0.89,0.789,2,0.997,1
0.977,0.901,0.967,0.482,31.8,15.7,0.533,0.668,0,0.995,1
0.685,0.775,0.945,0.387,20.7,49.0,0.795,0.884,2,0.996,1
0.28,0.917,0.335,0.24,22.0,28.0,0.885,0.323,2,0.871,1
0.712,0.783,0.571,0.415,73.8,16.8,0.448,0.488,1,0.998,1
0.165,0.637,0.91,0.723,9.7,73.3,0.514,0.629,4,0.973,1
0.128,0.689,0.006,0.627,12.5,35.5,0.485,0.354,1,0.319,0
0.332,0.9,0.811,0.955,25.1,35.1,0.866,0.794,3,0.929,1
0.516,0.621,0.948,0.517,24.6,16.1,0.235,0.576,2,0.994,1
0.881,0.669,0.091,0.755,49.8,33.8,0.447,0.491,1,0.956,1
0.754,0.241,0.161,0.591,40.4,74.3,0.744,0.302,5,0.997,1
0.768,0.527,0.961,0.61,20.1,32.1,0.652,0.804,5,0.999,1
0.483,0.745,0.538,0.414,108.8,81.0,0.549,0.884,0,0.999,1
0.411,0.344,0.014,0.564,31.2,80.5,0.632,0.577,3,0.955,1
0.434,0.282,0.258,0.577,40.8,14.0,0.358,0.695,2,0.986,1
0.989,0.382,0.45,0.765,40.5,16.7,0.545,0.459,1,0.993,1
0.136,0.317,0.693,0.953,32.5,73.6,0.601,0.736,3,0.978,1
0.88,0.293,0.733,0.463,23.8,34.6,0.921,0.308,2,0.998,1
0.621,0.482,0.995,0.234,21.9,2.4,0.409,0.642,2,0.999,1
0.495,0.917,0.288,0.597,43.7,24.7,0.894,0.751,1,0.912,1
0.753,0.556,0.538,0.636,22.2,51.6,0.715,0.943,2,0.986,1
0.538,0.269,0.533,0.335,14.7,68.3,0.216,0.567,0,0.983,1
0.886,0.169,0.406,0.808,45.4,13.1,0.78,0.836,1,0.996,1
0.911,0.727,0.169,0.988,49.8,11.2,0.228,0.718,3,0.968,1
0.48,0.445,0.977,0.957,14.7,78.5,0.998,0.949,1,0.973,1
0.349,0.84,0.853,0.358,37.6,64.3,0.898,0.579,3,0.995,1
0.633,0.694,0.498,0.9,33.2,51.0,0.438,0.523,1,0.93,1
0.921,0.817,0.603,0.764,34.0,65.8,0.406,0.921,2,0.986,1
0.29,0.345,0.227,0.563,33.8,37.6,0.505,0.334,0,0.906,0
0.661,0.723,0.544,0.632,24.7,65.0,0.485,0.395,0,0.929,1
0.668,0.338,0.695,0.88,19.9,32.9,0.498,0.358,0,0.967,1
0.76,0.945,0.515,0.584,24.0,22.3,0.455,0.89,2,0.963,1
0.218,0.673,0.99,0.499,16.0,62.5,0.697,0.307,1,0.969,1
0.744,0.392,0.611,0.595,30.0,36.8,0.331,0.903,4,0.998,1
0.918,0.343,0.371,0.663,47.5,83.5,0.877,0.616,1,0.995,1
0.262,0.272,0.772,0.351,30.0,31.0,0.85,0.303,1,0.994,1
0.314,0.725,0.17,0.921,20.9,78.5,0.581,0.581,1,0.47,0
0.974,0.297,0.385,0.739,47.1,79.4,0.882,0.431,3,0.998,1
0.263,0.636,0.347,0.707,9.8,22.1,0.398,0.737,0,0.59,1
0.869,0.338,0.432,0.28,22.5,68.3,0.214,0.776,5,0.999,1
0.543,0.696,0.782,0.683,44.6,37.9,0.695,0.641,0,0.985,1
0.323,0.833,0.484,0.297,9.2,78.2,0.566,0.328,0,0.771,1
0.884,0.8,0.794,0.263,26.3,39.4,0.654,0.759,0,0.995,1
0.501,0.785,0.576,0.622,30.3,63.8,0.919,0.889,1,0.957,1
0.563,0.269,0.342,0.522,22.0,40.8,0.976,0.804,3,0.99,1
0.423,0.18,0.81,0.671,41.9,20.9,0.708,0.881,0,0.996,1
0.634,0.729,0.238,0.271,21.1,18.5,0.811,0.44,0,0.903,1
0.247,0.432,0.224,0.545,6.4,37.3,0.267,0.922,3,0.897,1
0.452,0.489,0.505,0.34,16.7,64.7,0.329,0.526,3,0.987,1
0.972,0.128,0.261,0.99,37.3,52.2,0.787,0.309,0,0.979,1
0.332,0.334,0.009,0.649,15.4,59.2,0.545,0.89,0,0.69,1
0.691,0.13,0.648,0.75,28.8,25.4,0.557,0.959,0,0.993,1
0.393,0.891,0.511,0.46,41.2,42.0,0.447,0.759,2,0.975,1
0.796,0.319,0.446,0.276,56.4,5.7,0.686,0.462,1,0.999,1
0.218,0.602,0.967,0.981,10.1,69.9,0.348,0.476,4,0.964,1
0.973,0.135,0.571,0.429,33.6,84.2,0.702,0.627,1,0.999,1
0.508,0.7,0.863,0.539,24.7,35.8,0.339,0.928,1,0.988,1
0.312,0.391,0.139,0.72,52.5,2.9,0.251,0.405,3,0.975,1
0.166,0.908,0.569,0.22,102.9,16.1,0.464,0.878,0,0.998,1
0.253,0.899,0.868,0.848,10.3,56.2,0.385,0.504,2,0.847,1
0.568,0.393,0.583,0.629,33.7,52.8,0.911,0.866,1,0.99,1
0.403,0.911,0.718,0.423,17.2,67.4,0.244,0.944,0,0.932,1
0.846,0.997,0.372,0.249,21.3,23.1,0.341,0.599,1,0.956,1
0.488,0.843,0.092,0.33,12.3,65.4,0.639,0.556,1,0.717,0
0.324,0.86,0.458,0.916,17.4,59.1,0.585,0.862,2,0.685,1
0.655,0.324,0.394,0.749,26.4,28.8,0.237,0.671,1,0.971,1
0.736,0.619,0.867,0.4,18.7,47.3,0.206,0.779,2,0.997,1
0.25,0.161,0.244,0.252,23.7,14.2,0.99,0.736,1,0.98,1
0.251,0.185,0.967,0.752,11.5,39.6,0.727,0.407,1,0.983,1
0.133,0.999,0.958,0.658,15.6,75.1,0.492,0.891,2,0.918,1
0.763,0.394,0.248,0.524,24.4,37.0,0.576,0.437,4,0.991,1
0.697,0.773,0.348,0.491,20.2,71.7,0.413,0.953,0,0.917,0
0.527,0.826,0.896,0.373,21.0,51.0,0.476,0.475,2,0.989,1
0.86,0.872,0.967,0.736,25.5,17.9,0.719,0.814,1,0.988,0
0.825,0.998,0.443,0.977,32.1,50.2,0.906,0.499,0,0.784,1
0.627,0.317,0.321,0.341,19.0,44.0,0.347,0.522,4,0.994,1
0.881,0.136,0.526,0.678,32.7,35.1,0.872,0.517,0,0.994,1
0.285,0.47,0.688,0.539,9.7,11.9,0.297,0.824,2,0.97,1
0.201,0.217,0.273,0.557,21.7,36.6,0.372,0.69,0,0.903,0
0.343,0.12,0.736,0.403,29.6,8.0,0.23,0.918,2,0.998,1
0.151,0.424,0.052,0.86,5.5,10.2,0.313,0.515,2,0.438,0
0.578,0.805,0.049,0.588,23.9,36.5,0.934,0.784,2,0.818,1
0.943,0.61,0.386,0.635,24.7,27.3,0.568,0.827,2,0.984,1
0.135,0.382,0.353,0.444,17.1,78.8,0.262,0.406,0,0.85,0
0.21,0.689,0.316,0.345,9.9,33.2,0.968,0.58,0,0.718,1
0.507,0.309,0.491,0.269,23.9,64.9,0.903,0.638,2,0.995,1
0.94,0.113,0.321,0.771,34.4,46.0,0.804,0.549,2,0.995,1
0.385,0.788,0.192,0.357,48.3,60.4,0.947,0.525,2,0.964,0
0.557,0.661,0.309,0.752,25.9,23.6,0.376,0.78,1,0.878,1
0.137,0.786,0.975,0.512,16.6,80.2,0.869,0.451,2,0.965,0
0.234,0.135,0.411,0.533,13.5,46.0,0.752,0.797,1,0.96,1
0.988,0.853,0.445,0.575,69.4,71.0,0.896,0.955,1,0.997,1
0.969,0.658,0.577,0.494,46.7,32.3,0.838,0.696,0,0.995,1
0.104,0.607,0.983,0.28,7.7,10.3,0.477,0.728,1,0.98,1
0.957,0.662,0.242,0.448,51.8,57.9,0.82,0.348,1,0.99,1
0.675,0.878,0.681,0.731,25.4,2.6,0.41,0.905,0,0.932,1
0.881,0.628,0.716,0.733,48.5,41.4,0.463,0.5,2,0.997,1
0.509,0.623,0.607,0.429,38.7,18.0,0.286,0.731,1,0.99,1
0.564,0.992,0.089,0.568,17.2,54.1,0.948,0.985,1,0.625,0
0.54,0.781,0.677,0.355,31.6,83.3,0.433,0.717,1,0.987,1
0.7,0.498,0.064,0.368,22.7,40.5,0.616,0.807,0,0.933,1
0.226,0.737,0.596,0.218,10.9,69.9,0.513,0.612,0,0.906,1
0.127,0.45,0.74,0.917,8.4,44.1,0.968,0.342,3,0.916,1
0.377,0.306,0.211,0.369,28.8,43.2,0.468,0.858,1,0.975,1
0.734,0.637,0.842,0.382,22.3,79.2,0.823,0.324,1,0.993,1
0.282,0.935,0.03,0.424,7.1,75.9,0.884,0.79,3,0.597,1
0.706,0.936,0.844,0.302,36.5,67.2,0.548,0.316,1,0.992,1
0.973,0.408,0.46,0.711,27.1,26.6,0.503,0.904,2,0.993,1
0.185,0.575,0.218,0.26,6.3,47.2,0.798,0.41,6,0.959,1
0.705,0.29,0.134,0.307,21.7,20.6,0.93,0.66,0,0.971,1
0.499,0.996,0.953,0.716,19.7,38.8,0.804,0.718,3,0.975,1
0.881,0.983,0.073,0.472,31.7,42.2,0.382,0.62,2,0.92,1
0.259,0.685,0.199,0.766,7.2,71.0,0.911,0.539,3,0.624,0
0.723,0.824,0.348,0.646,71.0,76.4,0.51,0.627,1,0.989,1
0.854,0.744,0.62,0.405,40.2,36.4,0.661,0.518,1,0.994,1
0.95,0.634,0.545,0.721,29.6,3.5,0.865,0.607,4,0.995,1
0.715,0.148,0.126,0.293,23.6,73.5,0.351,0.551,3,0.994,1
0.547,0.509,0.29,0.629,22.6,16.5,0.828,0.696,1,0.925,1
0.656,0.707,0.239,0.55,31.2,53.6,0.677,0.467,1,0.926,1
0.882,0.71,0.214,0.414,24.4,4.1,0.915,0.992,1,0.97,1
0.614,0.436,0.411,0.683,18.5,35.2,0.338,0.651,0,0.926,1
0.127,0.948,0.704,0.897,32.6,83.8,0.537,0.436,2,0.838,1
0.938,0.251,0.217,0.999,27.9,10.4,0.866,0.634,0,0.94,1
0.721,0.55,0.367,0.686,25.2,37.2,0.215,0.906,2,0.972,1
0.709,0.722,0.391,0.524,48.5,27.5,0.29,0.315,2,0.988,1
0.294,0.727,0.976,0.38,23.7,77.1,0.992,0.776,3,0.995,1
0.693,0.684,0.955,0.406,23.6,74.2,0.424,0.684,3,0.998,1
0.454,0.348,0.8,0.584,28.6,21.7,0.98,0.419,2,0.995,1
0.686,0.241,0.242,0.494,17.5,8.7,0.346,0.872,2,0.985,1
0.196,0.672,0.068,0.931,24.9,54.1,0.489,0.558,2,0.487,1
0.692,0.639,0.317,0.495,27.3,29.9,0.802,0.506,3,0.98,1
0.999,0.261,0.267,0.499,50.2,57.8,0.726,0.88,3,0.999,1
0.143,0.735,0.506,0.507,50.0,4.7,0.665,0.747,2,0.977,1
0.979,0.51,0.778,0.869,63.5,13.1,0.624,0.929,3,0.999,1
0.466,0.701,0.858,0.721,47.7,59.0,0.875,0.741,1,0.991,1
0.884,0.854,0.845,0.691,32.9,19.6,0.388,0.819,3,0.996,1
0.804,0.253,0.36,0.467,26.8,73.2,0.554,0.886,2,0.996,1
0.61,0.117,0.687,0.854,24.6,6.9,0.324,0.338,0,0.985,1
0.765,0.801,0.313,0.231,36.7,19.9,0.677,0.843,1,0.987,1
0.891,0.649,0.061,0.897,54.6,84.9,0.4,0.73,0,0.927,1
0.464,0.73,0.702,0.61,15.1,37.9,0.467,0.349,6,0.99,1
0.394,0.854,0.01,0.519,47.4,60.3,0.577,0.656,0,0.78,1
0.701,0.823,0.409,0.598,42.8,17.2,0.221,0.358,0,0.947,0
0.827,0.965,0.329,0.734,78.5,52.6,0.274,0.815,0,0.984,1
0.786,0.582,0.693,0.21,51.5,62.3,0.749,0.683,1,0.999,1
0.818,0.54,0.766,0.897,25.4,28.1,0.543,0.968,1,0.984,1
0.492,0.462,0.304,0.557,14.0,70.8,0.892,0.428,1,0.898,1
0.836,0.238,0.812,0.474,22.7,52.1,0.756,0.724,1,0.998,1
0.208,0.615,0.294,0.311,10.4,34.3,0.206,0.448,5,0.955,1
0.59,0.349,0.446,0.552,29.0,48.3,0.693,0.73,3,0.993,1
0.105,0.929,0.727,0.597,27.1,49.9,0.275,0.806,2,0.922,1
0.392,0.625,0.693,0.523,44.2,15.7,0.825,0.806,1,0.991,1
0.43,0.634,0.987,0.743,25.4,35.4,0.993,0.871,1,0.984,1
0.457,0.419,0.225,0.537,11.5,30.5,0.625,0.897,1,0.9,1
0.726,0.147,0.662,0.969,21.2,35.3,0.746,0.354,0,0.979,1
0.45,0.129,0.61,0.679,12.8,65.2,0.39,0.54,1,0.978,1
0.504,0.481,0.915,0.846,19.4,42.1,0.55,0.781,0,0.97,1
0.314,0.176,0.156,0.287,18.3,80.0,0.885,0.649,3,0.983,1
0.436,0.646,0.752,0.518,11.6,26.4,0.334,0.433,4,0.986,1
0.305,0.893,0.568,0.469,14.0,36.5,0.412,0.687,1,0.856,1
0.166,0.895,0.275,0.656,7.1,67.3,0.556,0.585,0,0.277,0
0.643,0.693,0.474,0.889,31.7,47.3,0.77,0.573,1,0.924,1
0.701,0.29,0.334,0.263,26.9,47.4,0.501,0.867,0,0.992,1
0.658,0.877,0.579,0.258,26.7,6.4,0.942,0.585,1,0.98,1
0.517,0.897,0.889,0.88,21.3,35.1,0.276,0.319,2,0.947,1
0.442,0.277,0.569,0.37,57.9,24.5,0.497,0.341,0,0.997,1
0.877,0.764,0.632,0.735,25.6,84.9,0.767,0.899,0,0.964,1
0.567,0.358,0.519,0.634,25.1,27.6,0.381,0.972,0,0.975,1
0.531,0.822,0.051,0.866,33.3,75.4,0.725,0.782,0,0.532,1
0.123,0.998,0.233,0.3,15.3,58.1,0.331,0.555,0,0.469,1
0.407,0.127,0.492,0.304,49.9,30.3,0.245,0.957,1,0.999,1
0.442,0.908,0.31,0.645,18.2,47.1,0.297,0.764,4,0.89,1
0.459,0.66,0.182,0.957,20.8,71.8,0.944,0.891,2,0.687,0
0.622,0.976,0.504,0.532,16.9,75.3,0.641,0.836,2,0.928,0
0.58,0.519,0.323,0.462,28.6,15.3,0.837,0.565,3,0.985,1
0.647,0.863,0.258,0.685,21.3,30.2,0.466,0.635,2,0.849,0
0.788,0.156,0.464,0.944,22.3,29.8,0.674,0.43,2,0.985,1
0.832,0.402,0.133,0.87,32.6,5.5,0.596,0.504,3,0.972,1
0.746,0.16,0.928,0.996,30.1,51.7,0.957,0.845,1,0.996,1
0.96,0.978,0.868,0.218,25.2,73.0,0.798,0.926,1,0.997,1
0.116,0.835,0.708,0.29,20.9,33.7,0.784,0.807,2,0.967,1
0.276,0.867,0.106,0.688,21.6,63.4,0.237,0.626,0,0.367,0
0.107,0.944,0.776,0.856,5.8,54.1,0.64,0.361,0,0.452,1
0.683,0.177,0.808,0.428,26.6,33.2,0.574,0.34,3,0.999,1
0.908,0.447,0.768,0.391,41.8,13.7,0.942,0.562,1,0.999,1
0.319,0.164,0.114,0.83,19.3,60.9,0.406,0.625,0,0.763,0
0.934,0.29,0.644,0.245,30.9,72.9,0.416,0.726,2,0.999,1
0.154,0.306,0.834,0.496,9.7,58.9,0.529,0.305,3,0.987,1
0.941,0.522,0.577,0.605,37.7,3.5,0.395,0.993,4,0.999,1
0.416,0.342,0.646,0.648,52.4,19.9,0.303,0.555,1,0.995,1
0.191,0.191,0.458,0.783,21.5,7.8,0.886,0.894,2,0.957,1
0.537,0.251,0.529,0.484,14.6,49.3,0.647,0.674,0,0.976,1
0.331,0.233,0.034,0.69,17.5,64.8,0.889,0.391,1,0.791,1
0.356,0.976,0.639,0.668,42.1,11.2,0.865,0.858,2,0.961,1
0.377,0.783,0.081,0.638,10.9,71.6,0.426,0.797,5,0.829,0
0.823,0.971,0.435,0.712,88.0,48.1,0.638,0.669,1,0.995,1
0.585,0.496,0.293,0.408,59.3,59.3,0.267,0.66,2,0.996,1
0.38,0.351,0.545,0.268,10.7,82.6,0.932,0.361,2,0.982,1
0.649,0.818,0.133,0.295,56.9,8.9,0.523,0.759,3,0.993,1
0.745,0.394,0.692,0.38,25.4,76.8,0.515,0.938,3,0.999,1
0.345,0.369,0.795,0.6,36.6,12.5,0.442,0.365,3,0.996,1
0.472,0.309,0.163,0.872,19.9,34.6,0.569,0.484,1,0.828,1
0.21,0.217,0.104,0.761,14.0,72.7,0.401,0.932,0,0.679,1
0.263,0.331,0.146,0.831,21.7,77.2,0.5,0.499,1,0.754,1
0.713,0.42,0.877,0.481,40.2,44.0,0.84,0.758,2,0.999,1
0.263,0.707,0.528,0.524,7.1,51.3,0.867,0.674,2,0.878,1
0.573,0.156,0.467,0.515,27.8,60.8,0.443,0.717,1,0.992,1
0.738,0.289,0.107,0.353,21.6,71.1,0.575,0.591,1,0.976,1
0.196,0.828,0.65,0.249,11.3,12.1,0.899,0.51,0,0.872,1
0.611,0.232,0.868,0.673,21.7,69.2,0.242,0.334,1,0.994,1
0.331,0.408,0.828,0.991,17.8,41.9,0.911,0.821,4,0.982,1
0.967,0.878,0.626,0.333,30.3,39.4,0.375,0.822,1,0.994,1
0.535,0.239,0.075,0.237,15.1,37.2,0.743,0.77,1,0.969,1
0.825,0.174,0.112,0.824,23.0,44.3,0.666,0.751,1,0.954,1
0.595,0.536,0.049,0.402,15.4,80.4,0.642,0.471,0,0.808,1
0.139,0.372,0.257,0.864,13.0,47.5,0.887,0.316,0,0.53,1
0.67,0.607,0.136,0.763,63.1,81.1,0.281,0.866,0,0.963,1
0.956,0.823,0.26,0.957,25.8,17.0,0.478,0.644,0,0.777,1
0.641,0.223,0.385,0.527,59.9,62.1,0.631,0.515,1,0.997,1
0.837,0.623,0.943,0.73,40.8,69.4,0.849,0.371,2,0.998,1
0.896,0.555,0.61,0.572,37.6,58.4,0.373,0.344,2,0.996,1
0.305,0.23,0.835,0.704,23.2,52.4,0.842,0.544,1,0.988,1
0.291,0.662,0.71,0.56,33.6,48.9,0.52,0.863,0,0.966,1
0.65,0.346,0.113,0.351,17.9,73.5,0.351,0.943,2,0.98,1
0.47,0.539,0.736,0.606,22.3,70.2,0.807,0.928,0,0.973,1
0.856,0.174,0.275,0.623,39.3,12.1,0.273,0.944,2,0.996,1
0.91,0.514,0.639,0.848,36.0,72.4,0.612,0.935,2,0.994,1
0.418,0.376,0.341,0.788,37.3,36.4,0.251,0.669,2,0.968,1
0.313,0.84,0.998,0.731,9.0,23.1,0.485,0.454,2,0.938,1
0.802,0.151,0.264,0.291,37.7,74.2,0.681,0.859,0,0.997,1
0.347,0.477,0.279,0.776,20.1,37.9,0.645,0.45,3,0.902,1
0.84,0.513,0.931,0.6,28.2,69.1,0.524,0.487,4,0.999,1
0.481,0.753,0.025,0.915,18.3,23.9,0.543,0.463,2,0.494,0
0.701,0.617,0.697,0.936,32.1,2.3,0.381,0.66,1,0.972,1
0.186,0.7,0.725,0.244,37.9,43.1,0.565,0.525,3,0.994,1
0.661,0.799,0.836,0.857,26.8,10.3,0.963,0.408,0,0.948,1
0.507,0.876,0.974,0.23,38.8,64.6,0.88,0.617,2,0.998,1
0.628,0.382,0.976,0.494,23.4,24.9,0.316,0.912,2,0.999,1
0.251,0.584,0.065,0.634,7.9,38.8,0.224,0.699,1,0.504,0
0.763,0.856,0.822,0.318,20.0,9.2,0.947,0.915,1,0.993,1
0.877,0.991,0.646,0.797,22.7,25.8,0.621,0.437,0,0.896,1
0.295,0.901,0.647,0.207,14.6,66.9,0.63,0.417,2,0.948,1
0.186,0.434,0.128,0.335,10.8,14.6,0.825,0.703,2,0.879,1
0.121,0.276,0.65,0.665,22.0,55.7,0.452,0.624,2,0.974,1
0.678,0.54,0.982,0.772,37.3,78.1,0.586,0.762,2,0.997,1
0.646,0.767,0.912,0.933,16.9,58.4,0.975,0.856,1,0.951,1
0.592,0.543,0.439,0.764,18.5,69.3,0.738,0.826,1,0.923,0
0.309,0.535,0.04,0.737,12.5,11.0,0.323,0.96,1,0.559,1
0.452,0.854,0.362,0.515,23.2,22.8,0.307,0.579,3,0.93,1
0.635,0.425,0.826,0.201,18.2,76.2,0.363,0.444,4,0.999,1
0.547,0.874,0.701,0.296,15.8,61.4,0.813,0.686,1,0.971,1
0.989,0.466,0.459,0.628,67.9,55.1,0.436,0.378,1,0.998,1
0.223,0.395,0.055,0.74,30.0,57.1,0.217,0.502,4,0.915,1
0.726,0.509,0.427,0.534,21.1,36.4,0.955,0.446,1,0.97,1
0.464,0.786,0.469,0.785,19.4,5.7,0.336,0.578,1,0.807,0
0.485,0.213,0.929,0.617,18.7,67.1,0.208,0.378,1,0.994,1
0.746,0.277,0.641,0.259,42.1,58.3,0.39,0.322,1,0.999,1
0.723,0.956,0.312,0.354,28.8,41.2,0.388,0.76,2,0.964,1
0.992,0.258,0.525,0.872,26.9,76.7,0.538,0.727,0,0.986,1
0.216,0.611,0.066,0.78,25.5,29.9,0.936,0.796,1,0.579,1
0.194,0.621,0.973,0.916,12.4,26.4,0.903,0.762,2,0.938,1
0.752,0.541,0.36,0.294,23.4,74.4,0.566,0.38,0,0.971,1
0.621,0.68,0.478,0.992,22.6,68.1,0.529,0.504,2,0.894,1
0.347,0.307,0.355,0.368,19.0,44.7,0.644,0.391,2,0.973,1
0.171,0.597,0.683,0.209,10.6,12.9,0.395,0.89,2,0.982,1
0.177,0.435,0.662,0.998,8.6,19.9,0.242,0.823,0,0.709,1
0.905,0.696,0.715,0.425,30.2,56.5,0.951,0.441,1,0.994,1
0.273,0.227,0.268,0.734,7.1,34.0,0.349,0.539,1,0.808,1
0.391,0.614,0.316,0.341,32.0,71.4,0.359,0.977,2,0.981,1
0.304,0.267,0.125,0.664,10.4,80.8,0.578,0.716,1,0.794,0
0.419,0.351,0.656,0.923,11.2,68.9,0.593,0.861,3,0.964,1
0.162,0.297,0.04,0.456,20.0,33.3,0.215,0.485,1,0.823,0
0.567,0.265,0.598,0.736,36.5,67.5,0.318,0.447,4,0.997,1
0.161,0.843,0.87,0.35,29.2,31.2,0.503,0.849,0,0.971,1
0.82,0.357,0.891,0.7,30.7,15.9,0.747,0.78,0,0.996,1
0.31,0.934,0.449,0.469,11.2,4.8,0.383,0.777,1,0.766,1
0.586,0.973,0.459,0.369,34.7,34.0,0.538,0.687,1,0.961,1
0.892,0.614,0.077,0.451,40.3,77.0,0.646,0.695,1,0.977,1
0.686,0.229,0.671,0.343,21.4,21.8,0.911,0.815,5,0.999,1
0.58,0.437,0.821,0.922,49.6,19.1,0.461,0.489,0,0.991,1
0.392,0.818,0.245,0.518,11.5,82.5,0.307,0.547,0,0.578,0
0.4,0.431,0.421,0.396,70.8,4.1,0.591,0.91,1,0.998,1
0.703,0.178,0.839,0.559,47.1,67.2,0.797,0.516,0,0.999,1
0.995,0.601,0.877,0.456,42.3,28.7,0.288,0.682,3,1.0,1
0.696,0.861,0.243,0.796,59.3,5.1,0.54,0.792,2,0.968,1
0.602,0.816,0.551,0.977,34.3,78.2,0.214,1.0,2,0.929,1
0.758,0.258,0.192,0.55,22.1,13.6,0.227,0.605,1,0.974,1
0.519,0.705,0.102,0.889,21.7,47.8,0.586,0.6,0,0.486,0
0.154,0.298,0.911,0.653,5.0,24.7,0.439,0.89,2,0.98,1
0.606,0.296,0.821,0.326,22.6,7.4,0.876,0.864,2,0.999,1
0.962,0.887,0.76,0.752,44.3,6.1,0.682,0.812,0,0.988,1
0.258,0.325,0.049,0.611,13.8,11.6,0.563,0.624,0,0.662,0
0.721,0.337,0.844,0.72,24.0,7.9,0.526,0.527,1,0.994,1
0.281,0.101,0.438,0.912,20.6,65.1,0.598,0.726,3,0.969,1
0.582,0.884,0.342,0.552,45.4,42.3,0.232,0.913,2,0.973,1
0.187,0.813,0.546,0.921,5.4,30.5,0.914,0.919,4,0.746,1
0.505,0.665,0.091,0.801,19.9,36.7,0.999,0.376,1,0.622,1
0.781,0.775,0.757,0.591,22.1,79.1,0.345,0.6,3,0.992,1
0.413,0.237,0.582,0.683,28.1,77.6,0.296,0.625,2,0.989,1
0.698,0.512,0.187,0.46,19.1,61.4,0.315,0.984,0,0.937,1
0.816,0.416,0.188,0.987,36.8,75.4,0.729,0.775,0,0.911,1
0.934,0.184,0.184,0.734,28.4,28.5,0.729,0.585,2,0.988,1
0.311,0.538,0.057,0.235,11.1,33.6,0.878,0.318,2,0.834,1
0.459,0.929,0.588,0.461,52.8,52.9,0.801,0.696,2,0.989,1
0.237,0.136,0.84,0.699,6.2,53.8,0.56,0.367,1,0.974,1
0.993,0.362,0.017,0.245,33.5,42.0,0.69,0.884,3,0.997,1
0.934,0.287,0.049,0.219,23.7,35.3,0.751,0.827,2,0.994,1
0.586,0.314,0.573,0.56,24.6,83.9,0.61,0.622,1,0.988,1
0.858,0.918,0.819,0.466,31.9,70.2,0.581,0.6,4,0.998,1
0.569,0.521,0.327,0.551,20.0,38.1,0.716,0.928,2,0.965,1
0.661,0.52,0.35,0.41,18.7,62.4,0.646,0.502,0,0.947,1
0.18,0.785,0.596,0.332,11.6,24.4,0.715,0.474,1,0.878,1
0.78,0.239,0.274,0.751,36.2,10.3,0.69,0.957,1,0.986,1
0.215,0.539,0.027,0.612,28.2,31.3,0.775,0.866,2,0.819,1
0.843,0.487,0.735,0.36,32.4,35.4,0.714,0.874,2,0.999,1
0.804,0.637,0.626,0.456,33.5,3.4,0.616,0.437,1,0.992,1
0.738,1.0,0.581,0.673,21.8,69.6,0.745,0.4,1,0.902,1
0.133,0.793,0.742,0.258,8.4,31.8,0.56,0.318,1,0.901,1
0.373,0.458,0.675,0.318,12.0,50.2,0.393,0.466,1,0.977,1
0.337,0.845,0.206,0.259,12.7,8.1,0.201,0.842,0,0.747,1
0.424,0.254,0.352,0.85,14.4,16.5,0.648,0.468,2,0.921,1
0.179,0.127,0.126,0.802,15.5,75.8,0.673,0.81,3,0.892,1
0.943,0.284,0.13,0.803,36.0,52.5,0.978,0.476,2,0.984,1
0.598,0.406,0.676,0.773,58.5,80.9,0.489,0.577,0,0.995,1
0.375,0.56,0.859,0.736,12.6,84.9,0.515,0.988,3,0.982,1
0.457,0.654,0.963,0.582,26.8,32.9,0.361,0.471,2,0.992,1
0.502,0.92,0.628,0.714,38.1,26.8,0.256,0.563,0,0.918,1
0.641,0.559,0.184,0.231,28.3,73.2,0.818,0.511,2,0.98,1
0.564,0.551,0.106,0.697,18.5,84.9,0.4,0.377,0,0.696,0
0.927,0.145,0.813,0.822,27.8,54.3,0.687,0.643,2,0.998,1
0.547,0.131,0.579,0.6,14.3,68.0,0.75,0.565,1,0.986,1
0.993,0.596,0.618,0.486,30.3,66.9,0.577,0.786,2,0.997,1
0.866,0.494,0.781,0.422,42.1,31.5,0.901,0.872,2,0.999,1
0.288,0.855,0.703,0.714,7.9,49.7,0.555,0.681,3,0.888,1
0.938,0.245,0.834,0.754,27.2,71.1,0.428,0.323,1,0.997,1
0.205,0.122,0.056,0.897,23.5,59.1,0.917,0.733,1,0.775,1
0.836,0.504,0.748,0.474,43.8,3.8,0.889,0.339,3,0.999,1
0.443,0.314,0.851,0.816,20.2,29.9,0.331,0.731,2,0.989,1
0.89,0.145,0.286,0.649,40.2,14.0,0.221,0.78,2,0.997,1
0.881,0.752,0.64,0.906,29.4,21.3,0.272,0.438,0,0.948,1
0.825,0.2,0.314,0.622,23.2,77.2,0.429,0.874,3,0.994,1
0.811,0.647,0.958,0.614,27.9,5.1,0.978,0.938,1,0.996,1
0.374,0.353,0.033,0.662,22.4,20.2,0.647,0.869,2,0.884,1
0.173,0.256,0.58,0.799,48.7,27.7,0.499,0.514,0,0.975,1
0.463,0.442,0.167,0.972,12.6,53.2,0.911,0.711,2,0.718,1
0.256,0.821,0.712,0.259,17.0,46.3,0.563,0.94,1,0.969,1
0.725,0.453,0.176,0.243,24.1,20.1,0.452,0.524,3,0.99,1
0.411,0.776,0.235,0.95,20.9,15.6,0.953,0.874,2,0.631,1
0.978,0.213,0.494,0.624,24.8,21.7,0.88,0.307,2,0.996,1
0.677,0.795,0.915,0.692,22.6,43.7,0.875,0.303,1,0.978,1
0.84,0.313,0.212,0.586,46.7,24.5,0.61,0.832,3,0.997,1
0.219,0.71,0.144,0.275,17.6,80.7,0.832,0.833,1,0.826,1
0.876,0.609,0.759,0.814,30.9,40.5,0.343,0.852,2,0.993,1
0.93,0.936,0.501,0.798,28.3,6.9,0.659,0.951,2,0.96,1
0.538,0.449,0.912,0.449,18.8,62.5,0.987,0.383,2,0.995,1
0.646,0.16,0.147,0.445,23.4,29.3,0.433,0.462,1,0.976,1
0.788,0.117,0.646,0.87,46.8,56.2,0.835,0.933,1,0.998,1
0.257,0.844,0.233,0.258,57.7,25.2,0.592,0.424,1,0.96,1
0.552,0.572,0.157,0.905,22.5,49.4,0.232,0.778,3,0.863,1
0.459,0.798,0.683,0.405,19.0,66.1,0.81,0.671,1,0.964,1
0.232,0.311,0.594,0.674,33.9,79.0,0.335,0.358,2,0.983,1
0.431,0.411,0.755,0.949,19.1,23.7,0.705,0.5,1,0.952,0
0.161,0.127,0.309,0.742,16.1,29.8,0.269,0.664,2,0.923,1
0.123,0.965,0.448,0.532,7.0,40.5,0.957,0.897,3,0.75,1
0.222,0.701,0.405,0.752,26.0,79.0,0.433,0.795,1,0.796,1
0.967,0.94,0.984,0.475,35.6,76.8,0.381,0.735,3,0.999,1
0.595,0.339,0.292,0.422,39.7,9.5,0.303,0.647,1,0.99,0
0.969,0.65,0.295,0.997,47.0,13.0,0.957,0.509,2,0.975,1
0.489,0.711,0.355,0.801,15.9,43.1,0.77,0.383,0,0.654,1
0.381,0.386,0.565,0.716,28.4,10.8,0.793,0.586,3,0.985,1
0.556,0.863,0.252,0.484,38.0,30.7,0.6,0.32,2,0.935,1
0.496,0.952,0.915,0.239,18.8,14.3,0.58,0.448,3,0.991,1
0.195,0.896,0.266,0.225,7.7,54.8,0.288,0.603,0,0.59,0
0.677,0.765,0.896,0.643,17.0,80.8,0.648,0.593,0,0.968,1
0.294,0.35,0.103,0.81,16.4,84.7,0.398,0.331,0,0.585,0
0.658,0.353,0.657,0.63,23.0,33.1,0.982,0.712,2,0.993,1
0.685,0.967,0.907,0.873,29.3,51.7,0.837,0.685,3,0.983,1
0.237,0.109,0.169,0.227,9.0,73.1,0.53,0.355,1,0.935,1
0.155,0.744,0.968,0.493,33.3,11.7,0.321,0.96,0,0.981,1
0.803,0.736,0.453,0.39,24.5,59.2,0.828,0.37,0,0.96,1
0.514,0.66,0.946,0.558,16.7,35.9,0.298,0.898,1,0.987,1
0.152,0.991,0.677,0.258,13.6,19.1,0.351,0.3,1,0.842,1
0.995,0.381,0.302,0.963,35.2,35.4,0.369,0.918,1,0.976,1
0.152,0.406,0.188,0.379,7.4,8.3,0.646,0.314,0,0.674,1
0.726,0.171,0.304,0.938,22.9,59.7,0.83,0.83,5,0.991,1
0.985,0.499,0.093,0.541,27.4,23.0,0.451,0.553,2,0.977,1
0.315,0.335,0.144,0.988,26.9,27.8,0.268,0.817,1,0.744,1
0.228,0.409,0.105,0.643,27.8,12.0,0.572,0.581,2,0.872,1
0.209,0.851,0.423,0.945,14.5,73.8,0.798,0.35,1,0.43,1
0.373,0.942,0.796,0.204,28.1,43.0,0.377,0.837,1,0.986,1
0.191,0.267,0.141,0.799,24.7,49.5,0.376,0.35,2,0.848,1
0.723,0.435,0.13,0.922,20.3,49.3,0.958,0.945,0,0.775,1
0.156,0.936,0.643,0.312,54.7,36.1,0.963,0.336,1,0.976,1
0.558,0.156,0.197,0.277,39.8,18.0,0.992,0.636,0,0.991,1
0.997,0.183,0.098,0.54,28.4,63.8,0.846,0.806,0,0.985,1
0.833,0.247,0.167,0.947,23.9,12.5,0.351,0.575,2,0.956,1
0.654,0.636,0.924,0.634,18.4,10.6,0.37,0.452,1,0.986,1
0.376,0.235,0.821,0.622,11.6,60.9,0.472,0.831,2,0.991,1
0.662,0.971,0.354,0.313,37.2,19.3,0.455,0.849,3,0.986,1
0.574,0.502,0.656,0.201,23.9,27.5,0.965,0.946,2,0.997,1
0.483,0.551,0.537,0.848,35.0,41.4,0.831,0.563,2,0.968,1
0.218,0.322,0.677,0.27,26.0,39.3,0.779,0.654,0,0.988,1
0.898,0.524,0.683,0.707,36.4,60.8,0.349,0.554,3,0.997,1
0.505,0.696,0.629,0.932,30.0,53.7,0.928,0.48,0,0.887,0
0.275,0.776,0.266,0.367,7.2,55.5,0.862,0.826,1,0.75,1
0.431,0.778,0.039,0.732,16.4,61.3,0.331,0.538,1,0.462,1
0.473,0.62,0.456,0.263,27.1,26.3,0.897,0.6,0,0.968,1
0.845,0.914,0.891,0.683,21.3,28.8,0.418,0.583,1,0.979,1
0.76,0.836,0.569,0.331,19.5,38.4,0.265,0.799,2,0.987,1
0.792,0.781,0.832,0.789,48.5,27.5,0.725,0.942,0,0.991,1
0.11,0.15,0.992,0.441,20.0,83.7,0.723,0.767,1,0.996,1
0.475,0.106,0.164,0.571,16.5,69.6,0.276,0.63,4,0.984,1
0.533,0.291,0.692,0.68,30.8,15.7,0.455,0.845,3,0.997,1
0.117,0.697,0.674,0.337,26.5,2.5,0.994,0.749,2,0.977,1
0.334,0.47,0.98,0.793,13.8,5.6,0.743,0.342,2,0.979,1
0.784,0.462,0.986,0.442,20.2,22.3,0.784,0.367,4,0.999,1
0.223,0.896,0.687,0.73,46.1,11.5,0.37,0.327,2,0.955,1
0.582,0.906,0.244,0.327,20.9,46.3,0.263,0.62,2,0.917,1
0.294,0.918,0.799,0.75,9.0,73.2,0.422,0.878,1,0.811,1
0.111,0.382,0.107,0.303,12.9,63.2,0.399,0.519,2,0.869,1
0.317,0.722,0.781,0.54,29.9,19.9,0.388,0.569,1,0.972,1
0.978,0.344,0.91,0.398,28.2,35.1,0.354,0.937,3,1.0,1
0.821,0.272,0.383,0.799,25.2,44.2,0.66,0.886,4,0.994,1
0.964,0.266,0.631,0.41,28.3,69.2,0.462,0.766,2,0.999,1
0.539,0.408,0.43,0.905,85.3,71.6,0.856,0.487,2,0.997,1
0.199,0.487,0.438,0.913,8.3,77.5,0.347,0.382,0,0.551,0
0.593,0.848,0.31,0.357,27.7,44.3,0.572,0.311,0,0.88,1
0.509,0.208,0.762,0.691,51.6,59.6,0.211,0.375,0,0.997,1
0.86,0.761,0.936,0.27,23.9,11.3,0.585,0.505,3,0.999,1
0.188,0.578,0.941,0.513,57.7,48.9,0.245,0.686,2,0.998,1
0.539,0.359,0.175,0.771,57.7,22.6,0.982,0.345,2,0.984,1
0.235,0.544,0.875,0.728,38.3,37.8,0.832,0.395,0,0.974,1
0.392,0.37,0.737,0.7,13.4,54.6,0.592,0.427,4,0.989,1
0.764,0.636,0.253,0.426,34.2,23.3,0.269,0.742,3,0.99,1
0.528,0.49,0.067,0.502,34.7,6.3,0.674,0.731,1,0.94,1
0.438,0.248,0.268,0.282,75.0,2.8,0.807,0.686,2,0.999,1
0.455,0.205,0.912,0.775,14.4,3.8,0.353,0.475,2,0.992,1
0.514,0.592,0.633,0.603,34.6,2.7,0.655,0.56,3,0.992,1
0.807,0.912,0.721,0.767,26.4,11.2,0.851,0.368,0,0.938,1
0.903,0.41,0.257,0.399,25.5,21.9,0.815,0.459,0,0.978,1
0.96,0.76,0.719,0.46,32.2,20.4,0.842,0.928,1,0.996,1
0.808,0.693,0.028,0.467,43.9,83.9,0.903,0.986,5,0.994,1
0.384,0.938,0.375,0.221,19.0,27.4,0.95,0.753,2,0.934,1
0.719,0.839,0.627,0.473,29.6,12.6,0.524,0.942,0,0.977,1
0.494,0.61,0.146,0.843,92.3,47.3,0.655,0.75,2,0.992,1
0.329,0.691,0.823,0.918,15.9,73.2,0.833,0.323,3,0.944,1
0.857,0.909,0.235,0.615,35.8,58.3,0.758,0.998,0,0.915,1
0.135,0.46,0.652,0.564,10.2,26.6,0.996,0.369,2,0.935,1
0.912,0.394,0.405,0.225,30.3,48.6,0.211,0.778,2,0.998,1
0.515,0.11,0.596,0.903,30.7,61.3,0.484,0.477,2,0.99,1
0.673,0.844,0.107,0.21,58.5,62.4,0.425,0.574,0,0.976,1
0.693,0.821,0.017,0.956,29.1,57.3,0.41,0.752,8,0.958,1
0.906,0.194,0.91,0.591,44.6,74.3,0.378,0.606,2,1.0,1
0.673,0.619,0.27,0.474,18.2,74.2,0.767,0.475,1,0.925,1
0.653,0.518,0.82,0.939,19.9,50.1,0.268,0.534,1,0.971,1
0.16,0.207,0.999,0.22,14.5,37.7,0.793,0.539,0,0.994,1
0.567,0.983,0.211,0.665,14.5,55.3,0.755,0.972,0,0.522,0
0.235,0.293,0.265,0.639,10.3,69.9,0.401,0.859,0,0.792,0
0.764,0.161,0.663,0.375,30.0,2.5,0.402,0.621,1,0.998,1
0.561,0.635,0.965,0.543,14.3,84.3,0.703,0.44,1,0.985,1
0.712,0.765,0.916,0.722,22.4,17.2,0.81,0.868,3,0.993,1
0.138,0.129,0.503,0.782,14.3,41.0,0.901,0.41,0,0.881,1
0.176,0.693,0.795,0.201,17.2,74.4,0.882,0.447,2,0.981,1
0.745,0.579,0.136,0.949,57.6,20.7,0.972,0.556,1,0.954,1
0.165,0.193,0.977,0.332,19.7,41.6,0.665,0.916,0,0.996,1
0.164,0.255,0.964,0.387,12.1,13.0,0.927,0.392,2,0.993,1
0.111,0.611,0.164,0.411,42.7,34.8,0.847,0.386,4,0.963,1
0.961,0.367,0.299,0.23,47.1,16.7,0.916,0.646,2,0.999,1
0.764,0.944,0.1,0.298,22.4,32.2,0.209,0.493,2,0.906,1
0.418,0.837,0.272,0.989,12.6,33.0,0.973,0.698,1,0.388,1
0.367,0.985,0.816,0.452,26.1,84.4,0.579,0.616,1,0.958,1
0.415,0.334,0.378,0.292,22.7,84.6,0.839,0.604,1,0.981,1
0.797,0.973,0.088,0.286,43.3,11.5,0.302,0.378,1,0.942,1
0.695,0.488,0.342,0.776,37.5,62.3,0.517,0.399,2,0.977,1
0.267,0.413,0.981,0.884,21.4,6.3,0.417,0.875,2,0.984,1
0.257,0.145,0.63,0.406,70.9,4.5,0.433,0.92,2,1.0,1
0.189,0.147,0.416,0.217,16.2,10.7,0.299,0.464,4,0.993,1
0.694,0.723,0.167,0.378,19.2,82.1,0.845,0.379,1,0.891,1
0.788,0.512,0.986,0.245,46.1,80.1,0.207,0.337,3,1.0,1
0.339,0.304,0.821,0.283,12.8,18.1,0.45,0.726,4,0.998,1
0.119,0.653,0.281,0.545,25.5,15.4,0.34,0.801,2,0.865,1
0.174,0.328,0.07,0.384,51.6,22.0,0.671,0.561,1,0.969,1
0.971,0.62,0.057,0.613,42.2,44.8,0.403,0.776,2,0.98,1
0.366,0.423,0.12,0.403,22.7,49.3,0.407,0.799,1,0.925,1
0.792,0.841,0.581,0.952,29.1,20.4,0.591,0.955,2,0.948,1
0.662,0.839,0.929,0.925,23.4,64.8,0.722,0.345,3,0.981,1
0.444,0.53,0.497,0.653,17.6,27.7,0.297,0.435,0,0.887,1
0.285,0.416,0.843,0.484,22.3,78.5,0.34,0.348,2,0.99,1
0.209,0.426,0.446,0.505,26.1,56.5,0.398,0.908,4,0.988,1
0.654,0.825,0.709,0.529,33.4,38.2,0.979,0.855,1,0.986,1
0.797,0.395,0.732,0.782,23.2,67.6,0.518,0.702,2,0.993,1
0.68,0.288,0.174,0.561,27.2,69.9,0.679,0.359,1,0.965,1
0.577,0.176,0.361,0.885,38.0,26.1,0.393,0.491,6,0.997,1
0.138,0.52,0.637,0.955,13.1,30.2,0.592,0.508,0,0.689,1
0.972,0.534,0.071,0.469,35.8,79.7,0.259,0.693,1,0.98,1
0.819,0.857,0.362,0.649,42.6,15.7,0.228,0.481,2,0.974,1
0.364,0.299,0.535,0.276,25.3,5.5,0.575,0.351,2,0.992,1
0.982,0.443,0.996,0.36,32.4,39.7,0.519,0.812,4,1.0,1
0.642,0.828,0.475,0.531,49.9,68.5,0.31,0.509,0,0.973,1
0.624,0.841,0.816,0.365,18.3,66.0,0.75,0.617,2,0.989,1
0.773,0.446,0.432,0.901,100.4,78.3,0.994,0.389,1,0.999,1
0.831,0.513,0.796,0.327,22.7,46.3,0.517,0.862,2,0.998,1
0.691,0.373,0.595,0.565,17.5,10.3,0.7,0.696,0,0.98,1
0.215,0.939,0.887,0.685,38.5,50.9,0.97,0.931,0,0.944,1
0.404,0.207,0.411,0.753,14.3,66.6,0.865,0.647,1,0.936,1
0.935,0.94,0.604,0.506,43.0,9.7,0.571,0.959,3,0.997,1
0.302,0.715,0.63,0.895,32.5,16.3,0.79,0.924,3,0.952,1
0.435,0.578,0.417,0.655,40.3,3.0,0.303,0.704,0,0.947,1
0.489,0.129,0.144,0.552,83.9,51.3,0.61,0.954,2,0.999,1
0.495,0.528,0.094,0.254,17.6,75.6,0.423,0.526,2,0.94,1
0.652,0.467,0.017,0.572,34.9,57.7,0.329,0.556,1,0.934,1
0.949,0.245,0.874,0.857,25.6,83.5,0.541,0.332,2,0.998,1
0.317,0.691,0.236,0.692,15.7,7.2,0.305,0.712,3,0.815,1
0.209,0.974,0.212,0.866,33.5,76.9,0.759,0.805,2,0.561,1
0.278,0.606,0.736,0.595,13.8,69.6,0.565,0.841,1,0.946,1
0.898,0.743,0.32,0.295,35.9,28.1,0.625,0.405,1,0.985,1
0.681,0.162,0.506,0.211,27.5,82.8,0.317,0.611,0,0.997,1
0.357,0.476,0.163,0.443,24.5,25.9,0.312,0.424,4,0.965,1
0.834,0.205,0.96,0.758,75.0,75.8,0.667,0.763,1,1.0,1
0.875,0.652,0.852,0.832,22.7,75.1,0.988,0.411,1,0.985,1
0.862,0.945,0.864,0.437,34.3,64.9,0.277,0.933,2,0.997,1
0.927,0.696,0.407,0.597,53.0,48.8,0.429,0.461,1,0.992,1
0.327,0.169,0.762,0.537,18.0,12.0,0.896,0.504,1,0.99,1
0.78,0.419,0.144,0.528,20.7,46.2,0.258,0.896,3,0.982,1
0.514,0.596,0.009,0.385,25.2,31.6,0.901,0.621,2,0.916,1
0.858,0.463,0.02,0.309,27.5,67.8,0.619,0.317,5,0.993,1
0.756,0.85,0.587,0.357,21.4,64.9,0.527,0.646,1,0.977,1
0.799,0.833,0.455,0.244,48.3,77.6,0.448,0.359,2,0.995,1
0.691,0.651,0.518,0.359,28.3,3.2,0.438,0.99,0,0.986,1
0.26,0.436,0.007,0.207,47.1,69.2,0.445,0.712,5,0.994,1
0.591,0.33,0.423,0.702,39.4,79.9,0.908,0.48,0,0.977,1
0.986,0.195,0.718,0.453,42.4,67.5,0.779,0.695,1,0.999,1
0.944,0.419,0.443,0.979,23.7,12.8,0.736,0.354,1,0.964,1
0.139,0.472,0.732,0.355,11.8,8.7,0.839,0.86,0,0.961,1
0.248,0.708,0.233,0.477,9.5,3.7,0.406,0.948,3,0.855,1
0.219,0.692,0.813,0.486,41.7,54.2,0.694,0.912,3,0.995,1
0.753,0.163,0.588,0.207,21.7,54.3,0.568,0.539,1,0.998,1
0.836,0.456,0.211,0.871,26.0,83.9,0.826,0.528,1,0.925,1
0.292,0.264,0.237,0.226,18.2,35.0,0.447,0.325,0,0.931,1
0.555,0.241,0.628,0.952,18.5,29.5,0.715,0.756,5,0.993,1
0.857,0.845,0.83,0.914,24.9,53.8,0.906,0.674,0,0.953,1
0.76,0.138,0.416,0.628,32.7,70.5,0.522,0.622,1,0.994,1
0.588,0.477,0.258,0.635,16.1,79.8,0.253,0.935,2,0.942,1
0.631,0.251,0.867,0.723,16.7,68.7,0.613,0.418,2,0.995,1
0.558,0.891,0.669,0.51,20.9,37.4,0.477,0.307,3,0.971,1
0.368,0.601,0.448,0.718,28.3,54.7,0.738,0.351,0,0.86,1
0.609,0.308,0.488,0.236,27.4,73.1,0.961,0.456,1,0.994,1
0.72,0.552,0.204,0.243,26.2,42.7,0.588,0.323,3,0.986,1
0.886,0.758,0.627,0.566,34.7,20.0,0.573,0.652,0,0.985,1
0.673,0.962,0.359,0.64,23.6,16.1,0.724,0.52,2,0.884,1
0.785,0.298,0.996,0.91,60.9,2.0,0.283,0.426,1,0.999,1
0.244,0.898,0.48,0.284,6.9,61.6,0.403,0.825,0,0.78,1
0.515,0.941,0.486,0.858,29.7,11.2,0.935,0.443,2,0.862,1
0.108,0.925,0.566,0.368,36.0,22.2,0.736,0.781,5,0.986,1
0.322,0.672,0.917,0.515,32.5,26.7,0.211,0.544,1,0.988,1
0.754,0.667,0.801,0.453,21.9,48.5,0.364,0.658,3,0.996,1
0.993,0.463,0.451,0.52,30.1,35.0,0.746,0.954,2,0.996,1
0.189,0.777,0.719,0.32,23.7,58.0,0.812,0.326,2,0.966,1
0.461,0.578,0.586,0.603,12.9,6.6,0.872,0.65,2,0.957,1
0.82,0.71,0.492,0.841,45.6,12.3,0.434,0.898,3,0.991,1
0.284,0.486,0.192,0.553,26.1,43.4,0.945,0.712,0,0.832,1
0.6,0.758,0.464,0.592,34.6,30.0,0.642,0.494,0,0.937,1
0.76,0.842,0.246,0.879,20.6,26.6,0.757,0.578,1,0.733,1
0.654,0.232,0.915,0.765,35.3,7.6,0.677,0.776,3,0.999,1
0.269,0.85,0.335,0.592,23.8,76.3,0.298,0.924,0,0.704,0
0.42,0.586,0.952,0.406,37.2,59.4,0.97,0.329,1,0.995,1
0.805,0.86,0.533,0.908,20.8,12.1,0.298,0.35,0,0.828,1
0.599,0.488,0.632,0.662,15.3,7.4,0.404,0.528,4,0.99,1
0.105,0.441,0.543,0.377,9.6,82.9,0.851,0.463,1,0.917,1
0.785,0.924,0.129,0.415,22.0,58.5,0.695,0.485,1,0.851,1
0.132,0.326,0.376,0.843,15.6,36.6,0.871,0.455,0,0.704,0
0.771,0.86,0.099,0.235,56.7,60.2,0.613,0.437,3,0.992,1
0.282,0.536,0.623,0.994,14.5,64.8,0.502,0.391,3,0.902,1
0.962,0.563,0.447,0.304,52.0,66.7,0.937,0.954,2,0.999,1
0.431,0.378,0.778,0.837,10.8,41.7,0.229,0.401,1,0.954,1
0.394,0.616,0.22,0.516,12.6,37.7,0.885,0.443,3,0.884,0
0.234,0.393,0.165,0.594,6.3,2.9,0.385,0.472,2,0.768,1
0.375,0.135,0.406,0.905,15.3,78.9,0.879,0.953,3,0.963,1
0.889,0.345,0.927,0.53,58.0,52.1,0.311,0.829,2,1.0,1
0.997,0.106,0.71,0.63,26.4,18.9,0.664,0.853,0,0.998,1
0.431,0.981,0.419,0.239,24.8,78.3,0.91,0.373,2,0.93,1
0.504,0.969,0.517,0.202,21.6,77.9,0.579,0.885,2,0.976,1
0.75,0.456,0.084,0.396,60.6,84.1,0.797,0.586,2,0.995,1
0.898,0.756,0.985,0.744,24.4,74.5,0.844,0.484,3,0.996,1
0.634,0.411,0.666,0.297,19.4,84.8,0.789,0.703,1,0.995,1
0.452,0.704,0.285,0.291,11.8,22.3,0.94,0.876,1,0.913,1
0.471,0.825,0.586,0.529,20.3,71.9,0.557,0.845,1,0.938,1
0.726,0.952,0.109,0.718,23.0,70.3,0.339,0.923,2,0.777,1
0.103,0.46,0.966,0.77,33.2,21.2,0.238,0.95,2,0.989,1
0.658,0.805,0.175,0.343,30.4,10.2,0.397,0.467,1,0.926,1
0.42,0.339,0.648,0.264,24.8,83.3,0.315,0.597,0,0.991,1
0.815,0.991,0.245,0.952,31.8,26.6,0.646,0.31,2,0.807,1
0.184,0.123,0.718,0.409,6.0,74.3,0.348,0.916,0,0.98,1
0.629,0.643,0.777,0.883,24.6,2.3,0.231,0.408,0,0.948,1
0.533,0.694,0.673,0.891,127.5,3.7,0.229,0.903,2,1.0,1
0.678,0.719,0.614,0.818,44.0,40.7,0.865,0.531,0,0.968,1
0.158,0.208,0.892,0.335,37.5,21.8,0.673,0.558,0,0.997,1
0.622,0.945,0.079,0.857,41.5,59.3,0.486,0.327,1,0.696,1
0.605,0.263,0.331,0.815,16.8,48.9,0.915,0.529,1,0.933,1
0.605,0.66,0.248,0.677,19.0,8.4,0.256,0.922,3,0.933,1
0.643,0.3,0.988,0.47,16.1,15.5,0.984,0.318,0,0.995,1
0.709,0.376,0.389,0.41,23.1,34.2,0.693,0.584,3,0.994,1
0.824,0.592,0.733,0.298,22.3,17.4,0.347,0.322,1,0.994,1
0.343,0.475,0.685,0.608,18.2,67.8,0.743,0.56,2,0.975,1
0.843,0.244,0.212,0.668,38.0,36.5,0.811,0.421,0,0.98,1
0.548,0.254,0.239,0.487,44.8,9.8,0.543,0.477,1,0.989,1
0.169,0.476,0.281,0.58,25.0,42.2,0.889,0.914,1,0.885,1
0.153,0.782,0.411,0.491,45.7,9.5,0.321,0.605,1,0.933,1
0.401,0.908,0.234,0.713,10.9,12.7,0.423,0.492,6,0.861,1
0.806,0.176,0.02,0.921,20.3,21.9,0.275,0.713,2,0.932,1
0.737,0.454,0.879,0.331,34.7,73.3,0.369,0.399,1,0.998,1
0.81,0.19,0.966,0.505,25.4,78.7,0.391,0.482,2,0.999,1
0.566,0.115,0.342,0.313,18.5,70.6,0.934,0.682,4,0.997,1
0.496,0.696,0.339,0.7,18.4,29.7,0.262,0.466,1,0.813,1
0.233,0.642,0.007,0.783,10.5,24.6,0.542,0.775,1,0.33,1
0.395,0.247,0.68,0.946,20.6,47.6,0.626,0.644,2,0.974,1
0.491,0.31,0.825,0.423,21.0,61.9,0.919,0.84,1,0.996,1
0.18,0.121,0.147,0.96,15.3,84.4,0.998,0.964,1,0.711,1
0.299,0.851,0.16,0.251,24.2,12.9,0.803,0.381,1,0.784,1
0.638,0.977,0.79,0.682,23.3,6.1,0.977,0.534,0,0.923,1
0.762,0.222,0.616,0.246,23.4,59.6,0.83,0.524,1,0.998,1
0.999,0.308,0.045,0.915,27.7,71.1,0.971,0.406,1,0.939,1
0.94,0.882,0.623,0.624,29.9,72.2,0.766,0.867,0,0.974,1
0.678,0.934,0.309,0.735,37.3,58.3,0.264,0.832,3,0.948,1
0.479,0.478,0.369,0.865,33.2,81.2,0.522,0.639,2,0.948,1
0.673,0.146,0.77,0.32,33.3,44.4,0.717,0.676,4,1.0,1
0.807,0.135,0.811,0.231,24.2,77.8,0.481,0.342,0,0.999,1
0.207,0.617,0.4,0.903,18.5,82.3,0.419,0.689,0,0.571,0
0.469,0.454,0.947,0.452,24.4,72.3,0.662,0.854,2,0.997,1
0.856,0.126,0.406,0.303,31.3,27.7,0.947,0.702,1,0.998,1
0.445,0.625,0.772,0.575,23.1,18.3,0.228,0.486,2,0.983,1
0.615,0.11,0.484,0.679,25.5,47.5,0.815,0.767,0,0.985,1
0.629,0.809,0.898,0.225,28.2,39.6,0.778,0.553,2,0.997,1
0.266,0.376,0.908,0.42,25.5,74.9,0.971,0.681,0,0.991,1
0.426,0.136,0.087,0.226,12.4,10.3,0.945,0.641,2,0.975,1
0.401,0.63,0.936,0.536,30.8,23.4,0.81,0.567,2,0.994,1
0.124,0.458,0.826,0.916,5.3,64.4,0.616,0.803,1,0.853,1
0.122,0.976,0.791,0.986,4.1,9.9,0.363,0.919,0,0.353,0
0.849,0.59,0.201,0.71,77.2,28.6,0.636,0.304,0,0.99,1
0.346,0.348,0.805,0.329,55.8,34.1,0.812,0.954,2,0.999,1
0.566,0.738,0.85,0.925,15.1,53.7,0.917,0.658,2,0.951,1
0.369,0.344,0.289,0.613,18.0,15.1,0.832,0.791,4,0.974,1
0.947,0.914,0.952,0.323,26.8,73.4,0.356,0.899,1,0.997,1
0.333,0.437,0.05,0.937,18.3,39.1,0.68,0.627,2,0.645,1
0.487,0.595,0.15,0.806,38.8,78.1,0.466,0.884,2,0.912,1
0.885,0.146,0.538,0.785,67.3,40.8,0.207,0.424,0,0.999,1
0.858,0.484,0.576,0.767,36.5,24.8,0.36,0.411,2,0.993,1
0.267,0.849,0.645,0.36,13.2,13.8,0.291,0.76,0,0.886,0
0.822,0.825,0.017,0.369,34.4,2.3,0.874,0.909,1,0.947,1
0.512,0.302,0.96,0.751,18.4,46.2,0.407,0.925,0,0.989,1
0.535,0.303,0.045,0.376,49.5,10.9,0.428,0.751,3,0.995,1
0.22,0.836,0.143,0.551,36.2,34.5,0.968,0.668,2,0.818,1
0.173,0.937,0.014,0.826,16.6,50.9,0.503,0.532,4,0.398,0
0.755,0.186,0.567,0.827,24.8,24.9,0.208,0.986,2,0.993,1
0.547,0.505,0.932,0.563,18.9,16.5,0.427,0.524,1,0.991,1
0.493,0.404,0.666,0.834,12.8,66.3,0.295,0.821,0,0.926,1
0.757,0.884,0.823,0.871,44.3,80.6,0.282,0.672,0,0.976,1
0.789,0.175,0.013,0.724,28.7,10.3,0.262,0.726,1,0.96,1
0.243,0.29,0.542,0.383,12.0,14.9,0.675,0.575,1,0.968,1
0.649,0.777,0.46,0.419,25.8,81.7,0.351,0.975,1,0.973,1
0.222,0.146,0.499,0.452,31.2,5.1,0.489,0.7,4,0.997,1
0.776,0.543,0.072,0.293,21.4,83.1,0.89,0.956,0,0.955,1
0.691,0.498,0.684,0.419,46.5,2.4,0.539,0.305,2,0.998,1
0.961,0.401,0.503,0.368,58.2,74.5,0.933,0.701,2,0.999,1
0.162,0.455,0.765,0.564,48.0,27.5,0.598,0.802,0,0.989,1
0.151,0.577,0.485,0.927,11.4,79.9,0.519,0.822,1,0.635,1
0.354,0.245,0.149,0.284,12.5,28.3,0.8,0.933,1,0.958,1
